"Gebiet","Sachmerkmal","2006","2007","2008","2009","2010","2011","2012","2013","2014","2015","2016","2017","2018","2019","2020","2021","2022","2023","2024","2025"
Zentrum,Haushalte insgesamt,"1534","1509","1532","1410","1315","1325","1353","1377","1394","1584","1260","1262","1263","1274","1336","1355","1392","1402","1448","1472"
Zentrum-Ost,Haushalte insgesamt,"2280","2285","2336","2246","2276","2336","2494","2628","2677","2708","2816","3003","3164","3379","3502","3734","3866","3874","3930","3977"
Zentrum-Südost,Haushalte insgesamt,"8769","8543","8521","8413","8301","8252","8554","8730","8871","9581","9411","9578","9535","9690","9686","9796","10034","9989","9963","10073"
Zentrum-Süd,Haushalte insgesamt,"6993","7051","7244","7095","7223","7357","7633","7746","7908","8040","8227","8308","8421","8435","8448","8605","8705","8767","8846","8980"
Zentrum-West,Haushalte insgesamt,"6047","5956","6084","6008","5954","6005","6229","6398","6555","6676","6725","6714","6804","6829","6794","6827","6943","7088","7066","7136"
Zentrum-Nordwest,Haushalte insgesamt,"5235","5263","5344","5326","5222","5311","5461","5505","5579","5603","5585","5649","5608","5645","5646","5715","5820","5850","5897","5935"
Zentrum-Nord,Haushalte insgesamt,"4648","4603","4620","4529","4544","4662","4939","5037","5110","5280","5212","5260","5296","5308","5343","5519","5705","5796","6075","6509"
Schönefeld-Abtnaundorf,Haushalte insgesamt,"5320","5318","5385","5483","5655","5932","6186","6389","6555","6870","7229","7284","7437","7478","7607","7761","8006","8103","8091","8151"
Schönefeld-Ost,Haushalte insgesamt,"5778","5725","5661","5498","5446","5468","5486","5527","5546","5675","5736","5769","5773","5794","5885","5929","6023","6081","6100","6167"
Mockau-Süd,Haushalte insgesamt,"2358","2307","2278","2229","2330","2402","2469","2487","2567","2624","2624","2716","2778","2814","2906","2892","2886","2912","2943","3000"
Mockau-Nord,Haushalte insgesamt,"6004","5846","5833","5814","5866","5946","6056","6119","6184","6346","6399","6383","6415","6483","6540","6548","6633","6704","6760","6901"
Thekla,Haushalte insgesamt,"2910","2828","2859","2831","2846","2840","2857","2906","2931","2980","3068","3091","3210","3198","3224","3225","3265","3248","3278","3319"
Plaußig-Portitz,Haushalte insgesamt,"1354","1190","1195","1186","1181","1183","1190","1209","1216","1215","1246","1237","1242","1279","1370","1431","1459","1523","1569","1674"
Neustadt-Neuschönefeld,Haushalte insgesamt,"5807","5672","5733","5628","5567","5703","6138","6547","6781","7168","7645","7774","7939","8135","8246","8388","8724","8997","9102","9114"
Volkmarsdorf,Haushalte insgesamt,"4857","4696","4691","4575","4508","4619","4996","5328","5866","6468","6888","7160","7419","7538","7622","7802","8130","8271","8447","8469"
Anger-Crottendorf,Haushalte insgesamt,"5780","5604","5585","5529","5603","5695","5916","6150","6441","6804","6959","7127","7224","7348","7546","7620","7713","7746","8016","8152"
Sellerhausen-Stünz,Haushalte insgesamt,"4610","4509","4459","4436","4436","4401","4522","4589","4775","5046","5110","5261","5320","5447","5484","5532","5578","5585","5717","5827"
Paunsdorf,Haushalte insgesamt,"8370","8349","8337","8183","8055","8018","8124","8125","8247","8433","8651","8506","8544","8551","8619","8705","9125","9122","8836","8874"
Heiterblick,Haushalte insgesamt,"2063","2026","2018","1941","1989","2017","2059","1978","1999","2031","2052","2075","2082","2090","2080","2073","2089","2087","2085","2091"
Mölkau,Haushalte insgesamt,"3123","2965","2889","2853","2851","2828","2836","2851","2873","2915","2939","2995","3014","3004","2995","3000","2995","2981","3020","3039"
Engelsdorf,Haushalte insgesamt,"4088","3925","3773","3778","3926","4062","4129","4298","4431","4582","4748","4879","4757","4781","4809","4814","4948","4908","4913","4967"
Baalsdorf,Haushalte insgesamt,"736","668","668","689","693","705","702","715","736","746","750","766","787","787","798","787","796","789","793","796"
Althen-Kleinpösna,Haushalte insgesamt,"912","853","840","842","842","858","844","863","875","881","898","912","911","915","919","916","931","937","936","937"
Reudnitz-Thonberg,Haushalte insgesamt,"10386","10433","10586","10321","10433","10798","11423","11738","12083","12440","12785","13068","13355","13789","13829","13978","14244","14407","14688","14740"
Stötteritz,Haushalte insgesamt,"8187","8151","8045","7813","7907","8028","8315","8494","8753","8987","9218","9448","9687","9739","9895","9986","10172","10270","10336","10329"
Probstheida,Haushalte insgesamt,"3123","3043","3040","2898","2883","2912","3019","3075","3162","3214","3334","3384","3423","3485","3494","3566","3650","3675","3735","3709"
Meusdorf,Haushalte insgesamt,"1959","1889","1901","1854","1835","1779","1800","1795","1819","1741","1753","1749","1722","1682","1688","1695","1712","1747","1919","2013"
Liebertwolkwitz,Haushalte insgesamt,"2759","2581","2495","2481","2500","2496","2527","2558","2568","2589","2612","2701","2703","2712","2697","2720","2765","2757","2811","2778"
Holzhausen,Haushalte insgesamt,"3181","3000","2963","2971","2968","2978","2992","3033","3061","3094","3154","3193","3257","3268","3298","3296","3344","3326","3351","3394"
Südvorstadt,Haushalte insgesamt,"14103","14009","14185","13998","13934","14201","14551","14667","14666","14800","14898","14848","14995","15020","15143","15222","15358","15456","15652","15588"
Connewitz,Haushalte insgesamt,"10292","10213","10385","10275","10335","10523","10733","10900","11036","11217","11404","11410","11426","11577","11595","11599","11909","12020","12052","12119"
Marienbrunn,Haushalte insgesamt,"3454","3328","3419","3309","3291","3335","3358","3416","3507","3532","3557","3550","3576","3557","3555","3581","3682","3589","3602","3681"
Lößnig,Haushalte insgesamt,"7106","6590","6582","6477","6504","6548","6627","6690","6793","6852","6979","6947","6991","6953","6866","6959","7009","6980","6695","6734"
Dölitz-Dösen,Haushalte insgesamt,"2076","2046","2077","2100","2099","2181","2364","2423","2371","2414","2361","2371","2343","2332","2377","2367","2389","2435","2426","2422"
Schleußig,Haushalte insgesamt,"6504","6480","6493","6384","6394","6406","6609","6641","6627","6594","6641","6614","6594","6588","6603","6562","6582","6580","6646","6659"
Plagwitz,Haushalte insgesamt,"7154","7174","7375","7210","7354","7671","8014","8468","8686","8898","9173","9258","9344","9561","9706","9811","10050","10120","9972","10013"
Kleinzschocher,Haushalte insgesamt,"4836","4866","4914","4750","4851","4946","5116","5276","5336","5437","5635","5762","5743","5879","5884","5990","6132","6231","6312","6436"
Großzschocher,Haushalte insgesamt,"5092","4994","5012","4913","4967","5057","5094","5120","5176","5242","5243","5274","5323","5348","5351","5431","5467","5458","5517","5569"
Knautkleeberg-Knauthain,Haushalte insgesamt,"2663","2515","2516","2495","2556","2575","2567","2593","2645","2683","2534","2572","2600","2624","2630","2652","2661","2683","2695","2707"
Hartmannsdorf-Knautnaundorf,Haushalte insgesamt,"582","545","565","558","573","585","618","647","636","658","622","631","613","630","589","599","609","614","617","632"
Schönau,Haushalte insgesamt,"2636","2593","2576","2505","2472","2444","2273","2221","2271","2333","2380","2379","2412","2491","2630","2777","2846","2896","2938","2943"
Grünau-Ost,Haushalte insgesamt,"5017","4685","4541","4389","4361","4381","4377","4427","4483","4565","4807","4925","4926","4936","4878","4966","5047","5034","4682","4737"
Grünau-Mitte,Haushalte insgesamt,"7019","6825","6757","6522","6484","6453","6553","6527","6624","6699","6928","6987","7141","7201","7202","7204","7366","7160","7428","7420"
Grünau-Siedlung,Haushalte insgesamt,"1893","1758","1758","1748","1751","1769","1787","1773","1794","1816","1831","1842","1868","1855","1854","1854","1831","1816","1829","1821"
Lausen-Grünau,Haushalte insgesamt,"7627","7176","7007","6740","6629","6621","6750","6918","7000","7072","7174","7249","7254","7327","7455","7659","7973","8004","8084","8178"
Grünau-Nord,Haushalte insgesamt,"4892","4726","4647","4521","4449","4438","4483","4508","4483","4561","4728","4694","4768","4908","4934","5047","5186","5334","5282","5287"
Miltitz,Haushalte insgesamt,"1006","934","940","922","931","936","919","936","949","938","966","981","992","992","995","982","996","1003","987","976"
Lindenau,Haushalte insgesamt,"3601","3615","3650","3646","3777","3956","4152","4397","4552","4829","4944","5055","5093","5116","5207","5181","5313","5356","5387","5438"
Altlindenau,Haushalte insgesamt,"7933","7621","7720","7546","7706","8003","8510","8974","9499","9911","10250","10431","10634","11025","11230","11231","11505","11614","11674","11869"
Neulindenau,Haushalte insgesamt,"3142","3115","3195","3173","3175","3254","3427","3554","3699","3848","3909","4025","4021","4057","4086","4082","4176","4506","4736","4820"
Leutzsch,Haushalte insgesamt,"4911","4859","4910","4877","4922","5019","5234","5389","5551","5728","5823","5870","5976","6037","6050","6127","6269","6346","6447","6707"
Böhlitz-Ehrenberg,Haushalte insgesamt,"5130","4988","4922","4932","4923","4929","5048","5090","5113","5199","5257","5402","5379","5356","5390","5424","5506","5548","5539","5525"
Burghausen-Rückmarsdorf,Haushalte insgesamt,"2448","2290","2214","2213","2225","2242","2268","2283","2314","2321","2317","2373","2385","2375","2387","2372","2400","2411","2431","2469"
Möckern,Haushalte insgesamt,"7489","7450","7483","7368","7412","7499","7743","8023","8221","8469","8583","9070","9380","9726","9896","10097","10349","10955","10258","10357"
Wahren,Haushalte insgesamt,"3392","3288","3244","3218","3225","3230","3415","3639","3745","3797","3999","4039","4078","4077","4139","4198","4264","4270","4285","4300"
Lützschena-Stahmeln,Haushalte insgesamt,"2048","1906","1857","1848","1851","1832","1840","1844","1841","1878","1887","1976","2033","2046","2057","2064","2106","2086","2091","2091"
Lindenthal,Haushalte insgesamt,"3099","2951","2925","3001","3099","3177","3217","3239","3293","3402","3455","3541","3543","3534","3553","3583","3626","3609","3657","3733"
Gohlis-Süd,Haushalte insgesamt,"8921","8843","9031","9067","9192","9409","9644","9901","10136","10251","10395","10457","10486","10568","10553","10604","10790","10838","10868","10957"
Gohlis-Mitte,Haushalte insgesamt,"7746","7640","7738","7644","7784","8049","8395","8625","8733","8786","8968","9140","9238","9390","9487","9628","9754","9897","10051","10087"
Gohlis-Nord,Haushalte insgesamt,"4596","4518","4562","4485","4552","4658","4665","4816","4932","5015","5082","5133","5206","5338","5404","5567","5647","5726","5743","5736"
Eutritzsch,Haushalte insgesamt,"6430","6240","6335","6473","6555","6703","6925","7132","7429","7767","7948","8065","8179","8170","8192","8304","8636","8760","8825","8910"
Seehausen,Haushalte insgesamt,"1140","1067","1004","1028","1027","1019","1032","1076","1076","1116","1132","1161","1168","1193","1232","1285","1317","1339","1374","1378"
Wiederitzsch,Haushalte insgesamt,"4062","3796","3744","3763","3797","3836","3907","3949","4004","4046","4100","4174","4205","4236","4261","4292","4492","4476","4512","4554"
Mitte,Haushalte insgesamt,"35506","35210","35681","35027","34835","35248","36663","37421","38094","39472","39236","39774","40091","40560","40755","41551","42465","42766","43225","44082"
Nordost,Haushalte insgesamt,"23724","23214","23211","23041","23324","23771","24244","24637","24999","25710","26302","26480","26855","27046","27532","27786","28272","28571","28741","29212"
Ost,Haushalte insgesamt,"40346","39267","38993","38454","38470","38906","40266","41444","43024","45074","46640","47455","47997","48596","49118","49637","51029","51423","51865","52266"
Südost,Haushalte insgesamt,"29595","29097","29030","28338","28526","28991","30076","30693","31446","32065","32856","33543","34147","34675","34901","35241","35887","36182","36840","36963"
Süd,Haushalte insgesamt,"37031","36186","36648","36159","36163","36788","37633","38096","38373","38815","39199","39126","39331","39439","39536","39728","40347","40480","40427","40544"
Südwest,Haushalte insgesamt,"26831","26574","26875","26310","26695","27240","28018","28745","29106","29512","29848","30111","30217","30630","30763","31045","31501","31686","31759","32016"
West,Haushalte insgesamt,"30090","28697","28226","27347","27077","27042","27142","27310","27604","27984","28814","29057","29361","29710","29948","30489","31245","31247","31230","31362"
Alt-West,Haushalte insgesamt,"27165","26488","26611","26387","26728","27403","28639","29687","30728","31836","32500","33156","33488","33966","34350","34417","35169","35781","36214","36828"
Nordwest,Haushalte insgesamt,"16028","15595","15509","15435","15587","15738","16215","16745","17100","17546","17924","18626","19034","19383","19645","19942","20345","20920","20291","20481"
Nord,Haushalte insgesamt,"32895","32104","32414","32460","32907","33674","34568","35499","36310","36981","37625","38130","38482","38895","39129","39680","40636","41036","41373","41622"
Stadt Leipzig,Haushalte insgesamt,"299273","292470","293260","288974","290355","294810","303465","310279","316787","324997","330948","335466","339004","342903","345678","349516","356903","360092","361967","365382"
Zentrum,   Haushalte mit 1 Person,"1198","1169","1209","1064","968","974","998","1014","1042","1111","922","918","924","954","981","987","1011","1041","1082","1116"
Zentrum-Ost,   Haushalte mit 1 Person,"1540","1521","1558","1419","1415","1445","1594","1660","1634","1661","1785","1895","1980","2108","2158","2263","2355","2379","2414","2450"
Zentrum-Südost,   Haushalte mit 1 Person,"6566","6301","6279","6136","6010","5895","6159","6278","6326","6790","6715","6833","6806","6917","6902","6983","7123","7148","7058","7180"
Zentrum-Süd,   Haushalte mit 1 Person,"4452","4432","4534","4289","4344","4442","4684","4715","4827","4897","5053","5106","5218","5250","5257","5367","5424","5448","5496","5537"
Zentrum-West,   Haushalte mit 1 Person,"4067","3845","3854","3721","3602","3596","3811","3927","4018","4060","4092","4088","4154","4170","4125","4130","4224","4337","4347","4403"
Zentrum-Nordwest,   Haushalte mit 1 Person,"3107","2944","2934","2851","2719","2796","2938","2965","2947","2928","2912","2981","2972","3029","3002","3052","3116","3203","3202","3240"
Zentrum-Nord,   Haushalte mit 1 Person,"2837","2739","2734","2559","2478","2512","2798","2931","2958","3055","2951","2982","3015","3047","3107","3273","3476","3591","3834","4090"
Schönefeld-Abtnaundorf,   Haushalte mit 1 Person,"2808","2756","2759","2766","2868","3067","3287","3400","3557","3725","4033","4080","4213","4239","4369","4516","4622","4728","4765","4878"
Schönefeld-Ost,   Haushalte mit 1 Person,"2838","2812","2780","2656","2682","2752","2773","2836","2895","2993","3080","3110","3129","3192","3338","3412","3438","3527","3499","3637"
Mockau-Süd,   Haushalte mit 1 Person,"1228","1197","1191","1159","1187","1249","1331","1376","1423","1454","1442","1504","1568","1596","1734","1734","1692","1711","1729","1768"
Mockau-Nord,   Haushalte mit 1 Person,"2890","2761","2800","2733","2786","2851","2922","3023","3079","3217","3282","3306","3369","3477","3536","3589","3668","3766","3846","3920"
Thekla,   Haushalte mit 1 Person,"1336","1259","1270","1231","1246","1272","1315","1345","1352","1386","1471","1499","1613","1590","1605","1640","1655","1662","1695","1750"
Plaußig-Portitz,   Haushalte mit 1 Person,"494","291","287","267","266","285","298","320","348","343","368","373","374","381","429","443","437","482","492","540"
Neustadt-Neuschönefeld,   Haushalte mit 1 Person,"3459","3369","3452","3274","3207","3284","3651","3946","4088","4370","4728","4822","4984","5212","5339","5468","5787","6043","6134","6133"
Volkmarsdorf,   Haushalte mit 1 Person,"2834","2746","2730","2642","2607","2686","3007","3216","3569","3936","4211","4270","4499","4610","4690","4903","5149","5272","5494","5584"
Anger-Crottendorf,   Haushalte mit 1 Person,"3230","3085","3070","2947","3015","3117","3357","3556","3744","4033","4135","4199","4345","4440","4619","4775","4824","4902","5109","5214"
Sellerhausen-Stünz,   Haushalte mit 1 Person,"2232","2157","2171","2152","2191","2155","2259","2260","2385","2579","2603","2715","2766","2900","2974","2986","3078","3096","3214","3389"
Paunsdorf,   Haushalte mit 1 Person,"4321","4372","4430","4349","4301","4364","4484","4564","4672","4809","5004","4862","4929","4981","5056","5172","5429","5417","5183","5249"
Heiterblick,   Haushalte mit 1 Person,"710","653","661","598","671","700","751","767","765","811","833","869","882","907","915","927","963","972","989","1012"
Mölkau,   Haushalte mit 1 Person,"1166","999","867","848","857","864","869","902","923","951","969","1074","1105","1116","1140","1153","1160","1173","1226","1267"
Engelsdorf,   Haushalte mit 1 Person,"1662","1416","1172","1153","1264","1398","1461","1518","1605","1698","1907","2087","1994","2040","2114","2118","2249","2238","2255","2337"
Baalsdorf,   Haushalte mit 1 Person,"245","159","135","150","138","150","141","149","154","160","163","182","193","192","207","205","212","208","210","219"
Althen-Kleinpösna,   Haushalte mit 1 Person,"331","241","210","219","215","226","226","240","244","252","268","289","290","287","283","297","305","303","301","314"
Reudnitz-Thonberg,   Haushalte mit 1 Person,"6122","6096","6082","5822","5890","6108","6690","6989","7193","7405","7694","7873","8141","8618","8696","8867","9090","9282","9480","9543"
Stötteritz,   Haushalte mit 1 Person,"4341","4212","4031","3824","3847","3925","4131","4240","4401","4523","4702","4908","5049","5163","5284","5363","5505","5683","5778","5788"
Probstheida,   Haushalte mit 1 Person,"1414","1315","1260","1109","1132","1167","1231","1273","1334","1360","1482","1516","1556","1588","1581","1667","1700","1697","1756","1761"
Meusdorf,   Haushalte mit 1 Person,"934","815","836","805","782","747","780","797","822","772","808","815","799","753","761","770","790","800","834","864"
Liebertwolkwitz,   Haushalte mit 1 Person,"1196","981","862","841","858","877","903","934","945","968","993","1106","1107","1110","1121","1147","1180","1183","1238","1224"
Holzhausen,   Haushalte mit 1 Person,"1245","1049","939","956","978","972","1019","1050","1064","1105","1163","1218","1271","1268","1312","1327","1365","1365","1392","1458"
Südvorstadt,   Haushalte mit 1 Person,"8885","8471","8585","8265","8125","8352","8731","8763","8689","8765","8828","8694","8745","8782","8887","8952","9090","9199","9401","9443"
Connewitz,   Haushalte mit 1 Person,"6167","6041","6128","5893","5934","6118","6332","6453","6574","6728","6944","6917","6918","7009","7073","7177","7426","7539","7535","7672"
Marienbrunn,   Haushalte mit 1 Person,"1870","1662","1727","1616","1604","1672","1702","1724","1784","1812","1864","1880","1899","1912","1947","1981","2065","2021","2050","2155"
Lößnig,   Haushalte mit 1 Person,"4013","3514","3534","3345","3399","3494","3591","3687","3831","3891","4065","4083","4183","4220","4174","4315","4407","4430","4200","4281"
Dölitz-Dösen,   Haushalte mit 1 Person,"998","914","947","919","894","963","1101","1163","1099","1129","1062","1079","1074","1083","1133","1146","1160","1207","1216","1222"
Schleußig,   Haushalte mit 1 Person,"3522","3380","3257","2995","2967","3032","3275","3276","3257","3234","3284","3247","3207","3242","3273","3296","3295","3354","3454","3447"
Plagwitz,   Haushalte mit 1 Person,"4456","4351","4421","4228","4287","4452","4760","5011","5114","5223","5476","5504","5583","5708","5814","5945","6146","6214","5992","6088"
Kleinzschocher,   Haushalte mit 1 Person,"2591","2637","2640","2463","2491","2599","2768","2916","2953","3026","3165","3252","3225","3374","3375","3476","3545","3627","3662","3826"
Großzschocher,   Haushalte mit 1 Person,"2387","2269","2232","2157","2216","2326","2376","2401","2471","2535","2551","2601","2684","2735","2784","2892","2954","2974","3061","3183"
Knautkleeberg-Knauthain,   Haushalte mit 1 Person,"978","769","760","713","776","792","784","825","874","919","811","858","858","883","902","921","932","941","942","932"
Hartmannsdorf-Knautnaundorf,   Haushalte mit 1 Person,"199","134","141","132","152","173","186","218","197","212","181","191","182","196","162","162","178","191","196","204"
Schönau,   Haushalte mit 1 Person,"1276","1206","1198","1113","1109","1108","1039","1023","1037","1061","1107","1078","1105","1129","1166","1220","1263","1312","1350","1373"
Grünau-Ost,   Haushalte mit 1 Person,"2492","2237","2157","2047","2053","2143","2174","2244","2310","2382","2622","2756","2788","2841","2853","2995","3066","3098","2794","2855"
Grünau-Mitte,   Haushalte mit 1 Person,"3489","3395","3374","3169","3158","3152","3245","3253","3312","3385","3479","3500","3675","3761","3793","3823","3956","3755","3995","4029"
Grünau-Siedlung,   Haushalte mit 1 Person,"592","435","450","439","456","468","491","497","539","549","571","596","614","625","639","654","642","642","666","681"
Lausen-Grünau,   Haushalte mit 1 Person,"3981","3677","3604","3413","3354","3406","3496","3589","3641","3696","3765","3815","3828","3876","3989","4128","4247","4347","4425","4529"
Grünau-Nord,   Haushalte mit 1 Person,"2615","2474","2400","2269","2250","2233","2243","2270","2270","2354","2434","2425","2511","2638","2665","2771","2844","2965","3004","3055"
Miltitz,   Haushalte mit 1 Person,"379","314","316","294","297","313","294","320","325","314","334","356","371","370","381","387","411","425","418","417"
Lindenau,   Haushalte mit 1 Person,"2351","2325","2346","2296","2326","2465","2622","2789","2894","3048","3134","3183","3240","3239","3295","3270","3343","3408","3456","3478"
Altlindenau,   Haushalte mit 1 Person,"4799","4471","4600","4393","4542","4719","5064","5390","5710","5997","6220","6349","6439","6788","6950","6968","7183","7376","7531","7649"
Neulindenau,   Haushalte mit 1 Person,"1700","1614","1661","1606","1611","1656","1788","1879","1951","2060","2128","2200","2218","2260","2320","2329","2369","2471","2611","2711"
Leutzsch,   Haushalte mit 1 Person,"2484","2439","2440","2339","2373","2452","2577","2704","2826","2951","3016","3042","3188","3265","3302","3360","3447","3573","3665","3811"
Böhlitz-Ehrenberg,   Haushalte mit 1 Person,"2123","1960","1832","1827","1840","1854","1994","2004","2022","2101","2182","2356","2382","2339","2439","2500","2575","2654","2659","2695"
Burghausen-Rückmarsdorf,   Haushalte mit 1 Person,"963","746","647","640","646","675","678","683","706","723","734","825","834","832","871","851","890","899","924","963"
Möckern,   Haushalte mit 1 Person,"4085","4038","4006","3893","3946","4066","4278","4481","4657","4844","4906","5246","5432","5709","5731","5907","5999","6623","5976","6092"
Wahren,   Haushalte mit 1 Person,"1690","1555","1510","1469","1492","1498","1616","1760","1832","1892","2064","2094","2157","2153","2200","2282","2317","2325","2302","2379"
Lützschena-Stahmeln,   Haushalte mit 1 Person,"747","573","511","508","517","507","515","523","525","562","584","672","707","696","704","726","762","752","755","783"
Lindenthal,   Haushalte mit 1 Person,"1340","1124","1063","1078","1160","1247","1267","1290","1341","1439","1474","1569","1582","1576","1591","1626","1676","1678","1744","1784"
Gohlis-Süd,   Haushalte mit 1 Person,"4909","4746","4772","4604","4690","4849","5062","5255","5364","5495","5595","5622","5639","5715","5781","5823","5976","6100","6198","6292"
Gohlis-Mitte,   Haushalte mit 1 Person,"3874","3731","3744","3561","3668","3839","4061","4194","4267","4329","4436","4500","4573","4677","4771","4905","5024","5194","5345","5435"
Gohlis-Nord,   Haushalte mit 1 Person,"2031","1982","2007","1925","1953","2099","2150","2275","2375","2441","2476","2523","2629","2737","2808","2899","2983","3075","3130","3157"
Eutritzsch,   Haushalte mit 1 Person,"3412","3178","3203","3224","3290","3380","3544","3731","3934","4102","4200","4320","4439","4451","4477","4632","4806","4919","5002","5094"
Seehausen,   Haushalte mit 1 Person,"490","387","337","331","340","310","329","364","364","401","426","441","430","445","468","502","504","527","565","572"
Wiederitzsch,   Haushalte mit 1 Person,"1616","1262","1129","1142","1142","1177","1219","1244","1304","1353","1417","1518","1536","1577","1607","1636","1750","1786","1843","1854"
Mitte,   Haushalte mit 1 Person,"23767","22951","23102","22039","21536","21660","22982","23490","23752","24502","24430","24803","25069","25475","25532","26055","26729","27147","27433","28016"
Nordost,   Haushalte mit 1 Person,"11594","11076","11087","10812","11035","11476","11926","12300","12654","13118","13676","13872","14266","14475","15011","15334","15512","15876","16026","16493"
Ost,   Haushalte mit 1 Person,"20190","19197","18898","18332","18466","18944","20206","21118","22149","23599","24821","25369","25987","26685","27337","28004","29156","29624","30115","30718"
Südost,   Haushalte mit 1 Person,"15252","14468","14010","13357","13487","13796","14754","15283","15759","16133","16842","17436","17923","18500","18755","19141","19630","20010","20478","20638"
Süd,   Haushalte mit 1 Person,"21933","20602","20921","20038","19956","20599","21457","21790","21977","22325","22763","22653","22819","23006","23214","23571","24148","24396","24402","24773"
Südwest,   Haushalte mit 1 Person,"14133","13540","13451","12688","12889","13374","14149","14647","14866","15149","15468","15653","15739","16138","16310","16692","17050","17301","17307","17680"
West,   Haushalte mit 1 Person,"14824","13738","13499","12744","12677","12823","12982","13196","13434","13741","14312","14526","14892","15240","15486","15978","16429","16544","16652","16939"
Alt-West,   Haushalte mit 1 Person,"14420","13555","13526","13101","13338","13821","14723","15449","16109","16880","17414","17955","18301","18723","19177","19278","19807","20381","20846","21307"
Nordwest,   Haushalte mit 1 Person,"7862","7290","7090","6948","7115","7318","7676","8054","8355","8737","9028","9581","9878","10134","10226","10541","10754","11378","10777","11038"
Nord,   Haushalte mit 1 Person,"16332","15286","15192","14787","15083","15654","16365","17063","17608","18121","18550","18924","19246","19602","19912","20397","21043","21601","22083","22404"
Stadt Leipzig,   Haushalte mit 1 Person,"160358","151738","150829","144861","145599","149474","157221","162391","166666","172306","177305","180773","184121","187981","190961","194991","200263","204258","206121","210008"
Zentrum,   Haushalte mit 2 Personen,"242","259","249","253","252","252","261","264","262","298","246","252","262","244","279","279","285","265","272","266"
Zentrum-Ost,   Haushalte mit 2 Personen,"525","574","579","571","588","605","606","662","728","716","689","745","804","846","889","990","989","971","1012","1011"
Zentrum-Südost,   Haushalte mit 2 Personen,"1502","1588","1581","1556","1570","1602","1644","1674","1720","1779","1737","1784","1730","1761","1778","1767","1805","1720","1762","1735"
Zentrum-Süd,   Haushalte mit 2 Personen,"1717","1850","1902","1911","1930","1921","1958","1986","1982","2017","2008","2012","1979","1949","1947","1941","1913","1928","1966","2017"
Zentrum-West,   Haushalte mit 2 Personen,"1269","1412","1473","1467","1477","1492","1495","1525","1545","1571","1533","1524","1541","1551","1557","1554","1550","1592","1564","1567"
Zentrum-Nordwest,   Haushalte mit 2 Personen,"1190","1345","1381","1335","1348","1347","1310","1291","1330","1358","1358","1319","1327","1310","1333","1355","1383","1338","1421","1442"
Zentrum-Nord,   Haushalte mit 2 Personen,"1180","1280","1280","1298","1352","1395","1411","1383","1386","1432","1415","1420","1405","1395","1384","1384","1354","1329","1363","1536"
Schönefeld-Abtnaundorf,   Haushalte mit 2 Personen,"1501","1544","1582","1662","1673","1735","1778","1837","1806","1864","1845","1823","1826","1839","1816","1838","1949","1899","1883","1886"
Schönefeld-Ost,   Haushalte mit 2 Personen,"2127","2177","2204","2133","2064","2066","2087","2032","1998","1981","1930","1913","1891","1862","1817","1798","1792","1743","1751","1670"
Mockau-Süd,   Haushalte mit 2 Personen,"745","715","708","697","751","753","742","724","719","748","762","771","758","766","723","706","737","740","754","769"
Mockau-Nord,   Haushalte mit 2 Personen,"2103","2115","2087","2122","2127","2150","2194","2187","2175","2160","2142","2107","2066","2021","2023","1979","1960","1934","1895","1888"
Thekla,   Haushalte mit 2 Personen,"1022","1034","1046","1062","1053","1032","1036","1053","1054","1063","1055","1052","1048","1041","1046","1030","1032","1008","985","988"
Plaußig-Portitz,   Haushalte mit 2 Personen,"463","469","475","476","484","495","506","512","507","509","516","502","494","519","547","543","549","558","576","590"
Neustadt-Neuschönefeld,   Haushalte mit 2 Personen,"1401","1405","1406","1453","1456","1507","1541","1623","1719","1795","1859","1891","1885","1837","1802","1824","1834","1855","1842","1851"
Volkmarsdorf,   Haushalte mit 2 Personen,"1224","1163","1191","1138","1153","1177","1233","1305","1416","1528","1601","1716","1679","1681","1679","1637","1677","1703","1687","1653"
Anger-Crottendorf,   Haushalte mit 2 Personen,"1577","1582","1531","1563","1575","1560","1600","1632","1698","1722","1743","1802","1784","1787","1776","1694","1705","1687","1776","1786"
Sellerhausen-Stünz,   Haushalte mit 2 Personen,"1706","1681","1619","1608","1570","1601","1628","1691","1708","1703","1709","1733","1702","1695","1662","1684","1635","1621","1642","1552"
Paunsdorf,   Haushalte mit 2 Personen,"2602","2596","2592","2518","2487","2476","2493","2455","2463","2459","2467","2450","2420","2363","2306","2284","2360","2338","2286","2264"
Heiterblick,   Haushalte mit 2 Personen,"805","833","849","815","825","846","888","869","891","883","884","887","871","873","868","855","845","830","807","800"
Mölkau,   Haushalte mit 2 Personen,"1196","1156","1180","1169","1169","1158","1199","1197","1215","1219","1229","1202","1191","1183","1170","1161","1136","1110","1102","1087"
Engelsdorf,   Haushalte mit 2 Personen,"1348","1382","1410","1422","1474","1501","1518","1591","1647","1669","1630","1673","1664","1665","1636","1641","1638","1624","1623","1601"
Baalsdorf,   Haushalte mit 2 Personen,"242","237","242","249","265","270","275","280","288","287","288","285","290","296","301","301","294","297","302","296"
Althen-Kleinpösna,   Haushalte mit 2 Personen,"266","280","307","307","322","331","336","339","350","355","355","337","338","350","372","361","356","367","355","344"
Reudnitz-Thonberg,   Haushalte mit 2 Personen,"2600","2764","2885","2803","2822","2966","2991","3000","3108","3159","3159","3270","3272","3199","3121","3108","3110","3068","3134","3127"
Stötteritz,   Haushalte mit 2 Personen,"2344","2497","2497","2368","2459","2499","2546","2618","2702","2734","2738","2756","2777","2687","2681","2683","2712","2669","2682","2704"
Probstheida,   Haushalte mit 2 Personen,"1067","1077","1118","1090","1068","1085","1127","1143","1158","1158","1143","1146","1152","1175","1178","1159","1184","1194","1190","1175"
Meusdorf,   Haushalte mit 2 Personen,"629","661","645","620","632","638","632","608","610","595","590","583","582","579","565","571","556","570","637","668"
Liebertwolkwitz,   Haushalte mit 2 Personen,"902","905","909","916","933","935","927","942","962","944","941","935","944","952","938","922","939","935","930","924"
Holzhausen,   Haushalte mit 2 Personen,"1121","1106","1158","1160","1154","1187","1177","1210","1205","1207","1205","1213","1198","1193","1179","1162","1164","1136","1146","1140"
Südvorstadt,   Haushalte mit 2 Personen,"3291","3658","3547","3519","3548","3507","3504","3508","3473","3388","3418","3450","3462","3402","3342","3351","3353","3337","3305","3277"
Connewitz,   Haushalte mit 2 Personen,"2576","2686","2636","2666","2685","2638","2636","2654","2700","2678","2607","2615","2634","2647","2581","2507","2523","2608","2635","2619"
Marienbrunn,   Haushalte mit 2 Personen,"1070","1129","1133","1126","1109","1103","1100","1108","1126","1122","1086","1050","1065","1051","1017","1019","1008","983","976","957"
Lößnig,   Haushalte mit 2 Personen,"2064","2108","2103","2127","2125","2095","2113","2095","2051","2047","1992","1979","1933","1890","1861","1819","1795","1767","1725","1687"
Dölitz-Dösen,   Haushalte mit 2 Personen,"661","682","664","703","715","733","768","767","749","738","751","742","731","724","701","677","666","683","678","690"
Schleußig,   Haushalte mit 2 Personen,"1624","1723","1715","1734","1716","1685","1623","1647","1637","1635","1611","1601","1602","1569","1576","1520","1545","1528","1511","1555"
Plagwitz,   Haushalte mit 2 Personen,"1769","1864","1929","1851","1883","1959","1965","2051","2113","2172","2175","2144","2114","2173","2166","2102","2124","2140","2179","2151"
Kleinzschocher,   Haushalte mit 2 Personen,"1420","1441","1448","1428","1449","1443","1437","1479","1499","1435","1455","1455","1449","1428","1431","1438","1452","1451","1464","1456"
Großzschocher,   Haushalte mit 2 Personen,"1855","1877","1920","1879","1897","1903","1905","1928","1921","1923","1887","1878","1813","1812","1764","1717","1680","1657","1636","1576"
Knautkleeberg-Knauthain,   Haushalte mit 2 Personen,"913","927","938","969","988","1007","1006","988","988","978","940","944","943","933","926","902","889","920","935","968"
Hartmannsdorf-Knautnaundorf,   Haushalte mit 2 Personen,"198","214","230","232","231","230","248","249","256","252","267","254","245","246","247","250","246","232","229","230"
Schönau,   Haushalte mit 2 Personen,"801","820","827","832","845","873","813","799","810","825","803","800","803","846","912","961","942","931","927","922"
Grünau-Ost,   Haushalte mit 2 Personen,"1876","1867","1845","1816","1804","1763","1748","1741","1711","1709","1701","1654","1631","1578","1527","1489","1487","1431","1357","1334"
Grünau-Mitte,   Haushalte mit 2 Personen,"2236","2233","2211","2184","2199","2207","2224","2195","2164","2113","2143","2146","2114","2109","2053","2011","1977","1956","1964","1941"
Grünau-Siedlung,   Haushalte mit 2 Personen,"781","806","795","812","804","826","843","852","835","861","865","844","840","828","820","819","804","794","774","757"
Lausen-Grünau,   Haushalte mit 2 Personen,"2451","2352","2318","2242","2205","2172","2207","2264","2282","2283","2282","2245","2220","2229","2229","2252","2323","2271","2275","2275"
Grünau-Nord,   Haushalte mit 2 Personen,"1379","1392","1415","1426","1392","1401","1444","1445","1416","1417","1411","1389","1369","1371","1379","1382","1379","1410","1321","1282"
Miltitz,   Haushalte mit 2 Personen,"306","296","310","329","349","357","370","365","382","394","400","391","396","401","403","391","385","376","371","366"
Lindenau,   Haushalte mit 2 Personen,"766","819","828","820","908","912","934","968","967","1023","1005","1059","1024","1055","1033","1041","1090","1061","1065","1100"
Altlindenau,   Haushalte mit 2 Personen,"1892","1936","1920","1876","1869","1998","2149","2230","2319","2381","2434","2415","2458","2444","2422","2407","2403","2321","2288","2391"
Neulindenau,   Haushalte mit 2 Personen,"961","996","1024","1006","1004","1054","1077","1093","1139","1160","1154","1159","1124","1104","1091","1084","1107","1213","1251","1213"
Leutzsch,   Haushalte mit 2 Personen,"1519","1529","1567","1576","1583","1623","1691","1727","1710","1715","1735","1735","1706","1716","1699","1709","1716","1678","1702","1793"
Böhlitz-Ehrenberg,   Haushalte mit 2 Personen,"1848","1831","1835","1856","1834","1843","1837","1858","1862","1895","1896","1915","1875","1879","1813","1807","1811","1804","1805","1776"
Burghausen-Rückmarsdorf,   Haushalte mit 2 Personen,"849","875","880","892","901","928","957","973","983","996","981","972","973","949","934","954","953","950","940","940"
Möckern,   Haushalte mit 2 Personen,"2264","2287","2325","2300","2335","2298","2314","2400","2404","2407","2419","2523","2576","2578","2651","2607","2676","2671","2613","2618"
Wahren,   Haushalte mit 2 Personen,"1106","1123","1130","1109","1096","1085","1190","1250","1272","1251","1269","1292","1239","1263","1257","1247","1255","1245","1240","1174"
Lützschena-Stahmeln,   Haushalte mit 2 Personen,"705","716","711","726","746","756","764","775","779","787","788","797","813","827","815","800","799","781","782","764"
Lindenthal,   Haushalte mit 2 Personen,"1070","1089","1073","1116","1130","1145","1172","1150","1164","1194","1204","1217","1193","1176","1192","1201","1178","1164","1143","1175"
Gohlis-Süd,   Haushalte mit 2 Personen,"2351","2434","2523","2570","2619","2630","2679","2709","2780","2720","2728","2703","2740","2746","2673","2725","2712","2687","2667","2695"
Gohlis-Mitte,   Haushalte mit 2 Personen,"2276","2342","2343","2348","2356","2453","2584","2621","2647","2613","2581","2596","2607","2660","2644","2670","2631","2612","2611","2581"
Gohlis-Nord,   Haushalte mit 2 Personen,"1809","1857","1869","1832","1847","1821","1783","1814","1808","1817","1818","1789","1728","1707","1668","1682","1650","1619","1581","1552"
Eutritzsch,   Haushalte mit 2 Personen,"1877","1925","1959","1961","2018","2061","2089","2100","2169","2203","2274","2227","2206","2179","2173","2158","2261","2270","2252","2279"
Seehausen,   Haushalte mit 2 Personen,"356","364","333","364","347","376","386","403","399","395","390","395","407","405","407","422","420","422","416","406"
Wiederitzsch,   Haushalte mit 2 Personen,"1254","1283","1323","1344","1396","1431","1449","1490","1504","1527","1518","1499","1510","1510","1508","1525","1557","1525","1496","1491"
Mitte,   Haushalte mit 2 Personen,"7625","8308","8445","8391","8517","8614","8685","8785","8953","9171","8986","9056","9048","9056","9167","9270","9279","9143","9360","9574"
Nordost,   Haushalte mit 2 Personen,"7961","8054","8102","8152","8152","8231","8343","8345","8259","8325","8250","8168","8083","8048","7972","7894","8019","7882","7844","7791"
Ost,   Haushalte mit 2 Personen,"12367","12315","12327","12242","12296","12427","12711","12982","13395","13620","13765","13976","13824","13730","13572","13442","13480","13432","13422","13234"
Südost,   Haushalte mit 2 Personen,"8663","9010","9212","8957","9068","9310","9400","9521","9745","9797","9776","9903","9925","9785","9662","9605","9665","9572","9719","9738"
Süd,   Haushalte mit 2 Personen,"9662","10263","10083","10141","10182","10076","10121","10132","10099","9973","9854","9836","9825","9714","9502","9373","9345","9378","9319","9230"
Südwest,   Haushalte mit 2 Personen,"7779","8046","8180","8093","8164","8227","8184","8342","8414","8395","8335","8276","8166","8161","8110","7929","7936","7928","7954","7936"
West,   Haushalte mit 2 Personen,"9830","9766","9721","9641","9598","9599","9649","9661","9600","9602","9605","9469","9373","9362","9323","9305","9297","9169","8989","8877"
Alt-West,   Haushalte mit 2 Personen,"7835","7986","8054","8026","8099","8358","8645","8849","8980","9170","9205","9255","9160","9147","8992","9002","9080","9027","9051","9213"
Nordwest,   Haushalte mit 2 Personen,"5145","5215","5239","5251","5307","5284","5440","5575","5619","5639","5680","5829","5821","5844","5915","5855","5908","5861","5778","5731"
Nord,   Haushalte mit 2 Personen,"9923","10205","10350","10419","10583","10772","10970","11137","11307","11275","11309","11209","11198","11207","11073","11182","11231","11135","11023","11004"
Stadt Leipzig,   Haushalte mit 2 Personen,"86798","89170","89721","89314","89980","90898","92148","93330","94371","94968","94767","94981","94423","94054","93288","92857","93240","92527","92459","92330"
Zentrum,   Haushalte mit 3 Personen,"67","57","55","54","63","70","64","67","62","79","55","56","40","41","49","63","67","65","60","56"
Zentrum-Ost,   Haushalte mit 3 Personen,"137","123","143","157","164","169","170","176","188","195","210","229","233","262","279","274","303","331","307","310"
Zentrum-Südost,   Haushalte mit 3 Personen,"486","438","445","465","441","471","429","465","479","502","513","502","533","529","510","546","566","559","571","591"
Zentrum-Süd,   Haushalte mit 3 Personen,"554","522","540","556","584","611","580","604","630","627","639","633","647","642","651","666","713","732","721","712"
Zentrum-West,   Haushalte mit 3 Personen,"450","432","465","486","535","552","549","525","542","561","609","591","601","586","572","599","598","605","594","619"
Zentrum-Nordwest,   Haushalte mit 3 Personen,"566","585","587","620","600","591","633","645","659","672","648","667","644","647","658","638","643","642","619","607"
Zentrum-Nord,   Haushalte mit 3 Personen,"379","343","376","392","419","419","399","396","422","442","477","473","492","493","472","473","470","466","454","460"
Schönefeld-Abtnaundorf,   Haushalte mit 3 Personen,"662","658","685","679","695","707","688","707","698","754","792","785","763","739","771","778","764","790","771","738"
Schönefeld-Ost,   Haushalte mit 3 Personen,"594","531","495","521","512","462","450","449","441","447","466","467","469","452","431","409","459","475","503","522"
Mockau-Süd,   Haushalte mit 3 Personen,"270","266","256","256","251","258","249","250","266","266","252","267","275","271","261","257","256","252","251","266"
Mockau-Nord,   Haushalte mit 3 Personen,"701","665","655","657","657","657","641","597","611","621","598","605","590","590","586","576","595","584","600","619"
Thekla,   Haushalte mit 3 Personen,"382","350","362","356","365","354","333","319","331","331","334","317","320","340","341","326","340","327","325","323"
Plaußig-Portitz,   Haushalte mit 3 Personen,"258","272","274","284","276","261","248","238","220","217","210","210","219","210","214","239","248","247","253","266"
Neustadt-Neuschönefeld,   Haushalte mit 3 Personen,"574","523","503","511","486","478","487","513","510","503","527","534","520","529","521","514","529","560","563","572"
Volkmarsdorf,   Haushalte mit 3 Personen,"496","484","452","468","423","418","379","409","413","475","515","557","587","586","580","564","576","579","565","576"
Anger-Crottendorf,   Haushalte mit 3 Personen,"590","569","592","605","600","598","540","543","559","612","638","653","625","632","657","644","665","640","598","648"
Sellerhausen-Stünz,   Haushalte mit 3 Personen,"466","465","476","455","474","441","422","408","425","464","503","507","509","519","496","494","492","500","482","523"
Paunsdorf,   Haushalte mit 3 Personen,"1000","958","913","894","849","771","739","694","684","696","707","714","688","685","694","683","717","751","735","751"
Heiterblick,   Haushalte mit 3 Personen,"364","351","350","359","333","319","284","245","245","232","230","212","217","198","194","185","170","173","173","175"
Mölkau,   Haushalte mit 3 Personen,"504","526","549","543","550","537","502","477","454","446","443","423","420","392","366","366","372","360","351","350"
Engelsdorf,   Haushalte mit 3 Personen,"690","708","731","738","717","720","716","738","727","741","744","675","652","632","611","596","589","593","586","596"
Baalsdorf,   Haushalte mit 3 Personen,"141","144","167","163","159","158","159","154","162","162","158","158","159","154","139","136","146","142","139","149"
Althen-Kleinpösna,   Haushalte mit 3 Personen,"186","202","194","184","176","180","164","165","161","155","153","163","160","153","152","144","155","152","167","166"
Reudnitz-Thonberg,   Haushalte mit 3 Personen,"1035","971","988","1007","1026","1024","1026","1024","1023","1039","1061","1027","1040","1060","1042","1035","1046","1058","1065","1077"
Stötteritz,   Haushalte mit 3 Personen,"979","891","914","982","955","939","989","974","980","1010","1016","1002","1031","1055","1076","1070","1015","993","970","1001"
Probstheida,   Haushalte mit 3 Personen,"420","406","423","431","423","397","387","370","379","385","377","381","369","366","371","385","376","404","402","393"
Meusdorf,   Haushalte mit 3 Personen,"264","266","267","276","271","254","241","243","242","231","209","205","195","198","210","205","206","202","240","260"
Liebertwolkwitz,   Haushalte mit 3 Personen,"449","448","459","463","451","438","441","420","415","422","422","408","404","384","372","385","374","364","372","372"
Holzhausen,   Haushalte mit 3 Personen,"522","526","521","517","496","484","462","455","471","436","440","405","420","424","401","394","409","410","399","391"
Südvorstadt,   Haushalte mit 3 Personen,"1227","1188","1306","1306","1297","1322","1252","1289","1309","1402","1373","1373","1375","1409","1451","1473","1451","1472","1510","1521"
Connewitz,   Haushalte mit 3 Personen,"987","930","1010","1038","1031","1060","1033","1049","992","1023","1033","1038","1029","1054","1047","1017","1030","976","985","970"
Marienbrunn,   Haushalte mit 3 Personen,"319","323","343","344","357","347","332","338","338","337","337","327","323","314","309","308","318","307","298","300"
Lößnig,   Haushalte mit 3 Personen,"702","648","631","657","646","617","592","587","576","590","578","536","532","494","478","480","467","449","448","448"
Dölitz-Dösen,   Haushalte mit 3 Personen,"265","283","304","294","317","295","311","297","310","321","307","310","295","262","286","291","295","288","285","267"
Schleußig,   Haushalte mit 3 Personen,"776","789","881","927","940","924","919","923","908","902","902","886","873","858","845","831","842","846","841","841"
Plagwitz,   Haushalte mit 3 Personen,"628","646","668","706","732","786","786","849","835","832","841","883","898","921","917","923","944","898","917","923"
Kleinzschocher,   Haushalte mit 3 Personen,"517","493","522","529","572","559","557","519","485","547","573","579","573","547","567","564","574","591","628","611"
Großzschocher,   Haushalte mit 3 Personen,"591","588","590","592","565","540","532","506","514","491","508","500","499","483","480","486","490","475","461","473"
Knautkleeberg-Knauthain,   Haushalte mit 3 Personen,"460","474","490","489","469","457","454","461","442","421","411","392","402","415","425","432","436","433","418","410"
Hartmannsdorf-Knautnaundorf,   Haushalte mit 3 Personen,"126","128","133","140","128","115","119","114","116","126","103","108","109","113","104","105","107","111","107","113"
Schönau,   Haushalte mit 3 Personen,"359","365","339","355","333","299","277","238","228","231","246","258","253","244","264","285","311","329","320","320"
Grünau-Ost,   Haushalte mit 3 Personen,"494","443","412","395","375","350","331","322","342","324","328","345","329","337","315","289","291","314","331","351"
Grünau-Mitte,   Haushalte mit 3 Personen,"808","734","710","678","656","614","587","570","609","613","605","626","616","600","626","629","659","662","652","656"
Grünau-Siedlung,   Haushalte mit 3 Personen,"349","327","327","327","322","297","279","268","257","242","229","238","247","234","222","204","209","215","224","222"
Lausen-Grünau,   Haushalte mit 3 Personen,"822","783","757","738","704","684","666","652","644","634","670","676","669","660","671","685","736","732","744","724"
Grünau-Nord,   Haushalte mit 3 Personen,"582","546","511","513","501","499","467","466","450","424","448","448","451","465","450","447","483","483","493","495"
Miltitz,   Haushalte mit 3 Personen,"215","219","214","200","194","181","180","176","165","152","144","139","129","123","116","112","112","115","108","108"
Lindenau,   Haushalte mit 3 Personen,"318","319","323","339","354","366","377","392","421","459","492","472","468","450","479","464","457","462","443","464"
Altlindenau,   Haushalte mit 3 Personen,"794","751","728","773","774","784","790","817","844","855","880","937","956","969","1002","974","1012","1009","962","954"
Neulindenau,   Haushalte mit 3 Personen,"331","349","355","381","375","359","381","384","380","389","377","407","413","405","392","389","389","476","503","525"
Leutzsch,   Haushalte mit 3 Personen,"634","607","609","631","629","602","598","582","632","652","648","654","641","607","580","588","601","604","595","590"
Böhlitz-Ehrenberg,   Haushalte mit 3 Personen,"758","763","798","781","774","749","754","755","761","727","718","663","645","652","642","626","625","580","578","587"
Burghausen-Rückmarsdorf,   Haushalte mit 3 Personen,"419","432","446","440","431","403","397","382","380","357","370","347","344","358","342","318","308","309","322","322"
Möckern,   Haushalte mit 3 Personen,"775","760","762","761","726","719","722","701","716","731","761","765","808","806","833","886","929","905","905","905"
Wahren,   Haushalte mit 3 Personen,"421","417","410","416","433","431","397","405","420","419","416","403","417","397","389","376","384","378","384","399"
Lützschena-Stahmeln,   Haushalte mit 3 Personen,"387","381","391","388","369","355","339","322","324","316","307","288","290","295","301","295","284","296","290","295"
Lindenthal,   Haushalte mit 3 Personen,"441","460","505","512","524","516","492","518","503","480","472","454","447","460","431","412","421","417","425","438"
Gohlis-Süd,   Haushalte mit 3 Personen,"1016","1030","1060","1117","1107","1099","1075","1063","1097","1150","1139","1147","1108","1093","1085","1045","1081","1064","1036","1062"
Gohlis-Mitte,   Haushalte mit 3 Personen,"1001","964","1041","1076","1081","1081","1025","1074","1085","1079","1135","1145","1145","1146","1156","1123","1155","1145","1142","1146"
Gohlis-Nord,   Haushalte mit 3 Personen,"529","455","474","489","499","491","475","472","470","445","452","459","475","504","504","526","543","572","551","571"
Eutritzsch,   Haushalte mit 3 Personen,"733","719","738","801","765","768","785","780","769","820","847","868","869","866","863","836","877","895","895","880"
Seehausen,   Haushalte mit 3 Personen,"186","186","196","197","201","202","177","163","172","183","176","182","184","190","197","188","205","191","195","211"
Wiederitzsch,   Haushalte mit 3 Personen,"737","755","781","766","751","733","742","716","689","656","633","644","632","622","612","612","633","610","618","644"
Mitte,   Haushalte mit 3 Personen,"2639","2500","2611","2730","2806","2883","2824","2878","2982","3078","3151","3151","3190","3200","3191","3259","3360","3400","3326","3355"
Nordost,   Haushalte mit 3 Personen,"2867","2742","2727","2753","2756","2699","2609","2560","2567","2636","2652","2651","2636","2602","2604","2585","2662","2675","2703","2734"
Ost,   Haushalte mit 3 Personen,"5011","4930","4927","4920","4767","4620","4392","4346","4340","4486","4618","4596","4537","4480","4410","4326","4411","4450","4359","4506"
Südost,   Haushalte mit 3 Personen,"3669","3508","3572","3676","3622","3536","3546","3486","3510","3523","3525","3428","3459","3487","3472","3474","3426","3431","3448","3494"
Süd,   Haushalte mit 3 Personen,"3500","3372","3594","3639","3648","3641","3520","3560","3525","3673","3628","3584","3554","3533","3571","3569","3561","3492","3526","3506"
Südwest,   Haushalte mit 3 Personen,"3098","3118","3284","3383","3406","3381","3367","3372","3300","3319","3338","3348","3354","3337","3338","3341","3393","3354","3372","3371"
West,   Haushalte mit 3 Personen,"3629","3417","3270","3206","3085","2924","2787","2692","2695","2620","2670","2730","2694","2663","2664","2651","2801","2850","2872","2876"
Alt-West,   Haushalte mit 3 Personen,"3254","3221","3259","3345","3337","3263","3297","3312","3418","3439","3485","3480","3467","3441","3437","3359","3392","3440","3403","3442"
Nordwest,   Haushalte mit 3 Personen,"2024","2018","2068","2077","2052","2021","1950","1946","1963","1946","1956","1910","1962","1958","1954","1969","2018","1996","2004","2037"
Nord,   Haushalte mit 3 Personen,"4202","4109","4290","4446","4404","4374","4279","4268","4282","4333","4382","4445","4413","4421","4417","4330","4494","4477","4437","4514"
Stadt Leipzig,   Haushalte mit 3 Personen,"33895","32936","33603","34175","33890","33342","32571","32420","32582","33053","33406","33326","33266","33122","33058","32863","33519","33565","33450","33836"
Zentrum,   Haushalte mit 4 Personen,"23","22","16","29","20","15","17","25","18","54","28","27","29","24","18","19","20","22","19","22"
Zentrum-Ost,   Haushalte mit 4 Personen,"49","46","43","70","79","80","90","88","88","95","91","93","98","107","118","144","162","141","142","152"
Zentrum-Südost,   Haushalte mit 4 Personen,"151","154","151","169","182","182","206","193","220","273","269","282","288","302","320","322","347","364","388","378"
Zentrum-Süd,   Haushalte mit 4 Personen,"205","192","207","249","279","289","316","337","348","367","396","419","448","468","462","476","487","489","497","524"
Zentrum-West,   Haushalte mit 4 Personen,"180","181","207","229","237","261","270","305","343","351","357","373","365","378","405","405","426","410","419","418"
Zentrum-Nordwest,   Haushalte mit 4 Personen,"301","311","351","392","408","422","426","440","466","458","480","484","490","502","499","519","524","528","513","509"
Zentrum-Nord,   Haushalte mit 4 Personen,"172","172","160","185","191","226","215","226","242","245","257","264","272","263","268","285","294","301","300","301"
Schönefeld-Abtnaundorf,   Haushalte mit 4 Personen,"259","260","262","260","298","292","305","312","349","362","383","406","430","452","427","409","442","453","439","433"
Schönefeld-Ost,   Haushalte mit 4 Personen,"178","159","150","149","148","141","134","151","162","183","188","191","199","201","208","213","228","230","225","239"
Mockau-Süd,   Haushalte mit 4 Personen,"89","101","92","86","106","105","106","98","120","115","132","125","127","123","122","130","133","144","140","133"
Mockau-Nord,   Haushalte mit 4 Personen,"252","255","252","251","231","229","230","243","245","263","281","267","280","285","279","288","293","302","299","313"
Thekla,   Haushalte mit 4 Personen,"140","155","154","149","155","152","143","158","170","170","174","182","186","174","172","169","178","191","208","195"
Plaußig-Portitz,   Haushalte mit 4 Personen,"117","131","135","135","126","115","117","117","112","114","120","120","124","130","141","162","175","183","193","206"
Neustadt-Neuschönefeld,   Haushalte mit 4 Personen,"240","246","232","238","251","252","280","273","277","288","303","299","295","300","340","352","338","326","335","349"
Volkmarsdorf,   Haushalte mit 4 Personen,"192","186","199","212","196","194","214","219","255","275","274","306","328","337","335","364","381","363","367","341"
Anger-Crottendorf,   Haushalte mit 4 Personen,"284","273","286","294","296","311","308","320","323","317","319","332","319","329","354","348","359","369","386","358"
Sellerhausen-Stünz,   Haushalte mit 4 Personen,"164","164","149","178","163","160","159","174","188","220","216","219","240","232","248","254","254","254","258","248"
Paunsdorf,   Haushalte mit 4 Personen,"339","325","314","308","301","286","277","273","266","285","299","280","289","314","348","341","378","379","389","390"
Heiterblick,   Haushalte mit 4 Personen,"158","166","140","145","135","128","116","84","83","86","86","86","84","85","78","78","84","84","89","78"
Mölkau,   Haushalte mit 4 Personen,"213","229","236","241","217","212","206","222","226","238","236","231","230","243","250","248","249","255","261","261"
Engelsdorf,   Haushalte mit 4 Personen,"318","341","364","371","376","348","344","366","369","374","372","354","357","351","364","374","385","361","358","350"
Baalsdorf,   Haushalte mit 4 Personen,"76","99","99","103","109","106","106","111","110","113","118","120","126","126","128","124","124","120","115","109"
Althen-Kleinpösna,   Haushalte mit 4 Personen,"100","102","101","106","102","98","92","95","93","96","100","102","101","101","90","88","91","89","83","85"
Reudnitz-Thonberg,   Haushalte mit 4 Personen,"453","437","477","484","503","485","506","513","527","581","620","641","652","652","709","696","704","691","701","697"
Stötteritz,   Haushalte mit 4 Personen,"382","413","449","464","472","484","463","472","483","508","544","554","588","586","604","619","660","645","643","608"
Probstheida,   Haushalte mit 4 Personen,"190","202","191","213","207","207","223","236","243","246","262","267","281","290","294","271","291","290","289","290"
Meusdorf,   Haushalte mit 4 Personen,"111","123","130","129","121","110","112","111","114","108","110","109","107","111","115","112","118","132","158","172"
Liebertwolkwitz,   Haushalte mit 4 Personen,"172","191","207","206","201","187","202","206","195","206","205","196","193","209","211","217","219","218","207","200"
Holzhausen,   Haushalte mit 4 Personen,"239","265","289","275","275","270","263","242","247","266","268","277","288","305","322","326","317","321","319","315"
Südvorstadt,   Haushalte mit 4 Personen,"534","516","564","655","706","744","785","816","892","907","948","992","1044","1046","1098","1088","1106","1088","1107","1061"
Connewitz,   Haushalte mit 4 Personen,"422","425","455","499","518","523","543","551","582","592","619","629","647","665","680","696","712","689","680","660"
Marienbrunn,   Haushalte mit 4 Personen,"157","167","167","171","170","165","167","181","185","185","193","210","213","204","208","196","209","206","210","206"
Lößnig,   Haushalte mit 4 Personen,"262","261","254","282","261","262","262","251","261","254","266","262","256","259","257","248","249","254","236","232"
Dölitz-Dösen,   Haushalte mit 4 Personen,"120","135","125","142","136","147","139","150","169","177","186","183","187","203","192","190","208","197","187","183"
Schleußig,   Haushalte mit 4 Personen,"457","473","506","523","569","554","581","587","615","603","619","638","678","686","673","704","693","650","650","648"
Plagwitz,   Haushalte mit 4 Personen,"236","252","286","319","353","364","384","429","463","498","495","538","554","556","608","639","635","665","673","659"
Kleinzschocher,   Haushalte mit 4 Personen,"237","216","222","218","240","235","248","255","282","301","309","351","359","373","359","364","406","397","388","388"
Großzschocher,   Haushalte mit 4 Personen,"214","211","216","231","229","228","226","223","200","229","234","236","257","245","251","267","275","277","282","267"
Knautkleeberg-Knauthain,   Haushalte mit 4 Personen,"244","277","264","261","263","252","261","253","277","294","303","303","316","314","302","317","317","302","311","319"
Hartmannsdorf-Knautnaundorf,   Haushalte mit 4 Personen,"50","57","50","43","53","57","53","53","55","53","60","60","62","56","58","62","55","53","60","61"
Schönau,   Haushalte mit 4 Personen,"145","146","154","145","130","118","102","117","142","150","147","154","154","170","182","206","221","220","232","231"
Grünau-Ost,   Haushalte mit 4 Personen,"133","123","118","116","111","107","106","96","92","114","122","120","134","146","142","148","150","133","139","144"
Grünau-Mitte,   Haushalte mit 4 Personen,"315","309","302","306","288","295","304","319","320","332","353","352","378","363","380","366","398","412","425","419"
Grünau-Siedlung,   Haushalte mit 4 Personen,"149","160","156","142","140","150","142","124","133","133","135","133","132","134","133","138","136","126","127","122"
Lausen-Grünau,   Haushalte mit 4 Personen,"289","275","263","266","271","271","266","299","304","310","315","345","371","368","356","375","420","407","391","397"
Grünau-Nord,   Haushalte mit 4 Personen,"211","213","219","211","208","207","218","220","226","232","257","249","254","242","230","240","267","271","260","253"
Miltitz,   Haushalte mit 4 Personen,"91","81","78","74","69","65","51","57","59","61","69","78","80","85","80","76","72","70","71","67"
Lindenau,   Haushalte mit 4 Personen,"121","105","111","134","135","152","145","170","191","211","221","243","258","262","290","295","309","317","314","297"
Altlindenau,   Haushalte mit 4 Personen,"329","341","354","358","376","352","355","373","424","469","490","502","548","593","603","638","632","625","631","637"
Neulindenau,   Haushalte mit 4 Personen,"122","124","127","139","148","146","143","154","167","184","201","207","207","225","221","209","223","251","262","258"
Leutzsch,   Haushalte mit 4 Personen,"214","224","232","253","255","255","279","283","285","296","312","309","307","320","339","336","370","364","351","363"
Böhlitz-Ehrenberg,   Haushalte mit 4 Personen,"328","343","357","367","378","381","373","379","371","375","359","374","381","387","392","393","391","398","390","363"
Burghausen-Rückmarsdorf,   Haushalte mit 4 Personen,"186","197","189","195","198","180","182","186","191","195","179","183","184","187","186","195","195","202","197","189"
Möckern,   Haushalte mit 4 Personen,"286","279","309","326","311","320","333","337","331","358","361","383","399","443","477","490","539","537","543","536"
Wahren,   Haushalte mit 4 Personen,"142","159","161","179","166","174","171","178","172","177","198","200","207","202","221","213","226","226","256","247"
Lützschena-Stahmeln,   Haushalte mit 4 Personen,"179","203","205","184","179","180","191","194","183","181","176","181","183","187","193","196","210","202","207","196"
Lindenthal,   Haushalte mit 4 Personen,"209","229","231","235","228","217","233","226","235","240","249","243","257","259","281","283","286","290","277","264"
Gohlis-Süd,   Haushalte mit 4 Personen,"485","494","519","572","562","612","620","646","661","657","695","726","732","749","751","753","754","732","721","677"
Gohlis-Mitte,   Haushalte mit 4 Personen,"472","476","488","518","529","525","576","579","572","598","641","704","707","708","717","730","732","748","745","722"
Gohlis-Nord,   Haushalte mit 4 Personen,"194","183","170","180","193","188","200","198","217","241","256","274","283","283","307","316","321","316","321","316"
Eutritzsch,   Haushalte mit 4 Personen,"314","310","330","350","353","359","376","392","406","469","457","476","490","504","502","506","530","513","503","499"
Seehausen,   Haushalte mit 4 Personen,"75","89","97","98","101","96","107","112","115","108","108","113","115","119","123","131","144","152","148","142"
Wiederitzsch,   Haushalte mit 4 Personen,"357","386","398","407","407","396","398","397","404","403","426","412","426","425","432","414","436","442","452","446"
Mitte,   Haushalte mit 4 Personen,"1081","1078","1135","1323","1396","1475","1540","1614","1725","1843","1878","1942","1990","2044","2090","2170","2260","2255","2278","2304"
Nordost,   Haushalte mit 4 Personen,"1035","1061","1045","1030","1064","1034","1035","1079","1158","1207","1278","1291","1346","1365","1349","1371","1449","1503","1504","1519"
Ost,   Haushalte mit 4 Personen,"2084","2131","2120","2196","2146","2095","2102","2137","2190","2292","2323","2329","2369","2418","2535","2571","2643","2600","2641","2569"
Südost,   Haushalte mit 4 Personen,"1547","1631","1743","1771","1779","1743","1769","1780","1809","1915","2009","2044","2109","2153","2255","2241","2309","2297","2317","2282"
Süd,   Haushalte mit 4 Personen,"1495","1504","1565","1749","1791","1841","1896","1949","2089","2115","2212","2276","2347","2377","2435","2418","2484","2434","2420","2342"
Südwest,   Haushalte mit 4 Personen,"1438","1486","1544","1595","1707","1690","1753","1800","1892","1978","2020","2126","2226","2230","2251","2353","2381","2344","2364","2342"
West,   Haushalte mit 4 Personen,"1333","1307","1290","1260","1217","1213","1189","1232","1276","1332","1398","1431","1503","1508","1503","1549","1664","1639","1645","1633"
Alt-West,   Haushalte mit 4 Personen,"1300","1334","1370","1446","1490","1466","1477","1545","1629","1730","1762","1818","1885","1974","2031","2066","2120","2157","2145","2107"
Nordwest,   Haushalte mit 4 Personen,"816","870","906","924","884","891","928","935","921","956","984","1007","1046","1091","1172","1182","1261","1255","1283","1243"
Nord,   Haushalte mit 4 Personen,"1897","1938","2002","2125","2145","2176","2277","2324","2375","2476","2583","2705","2753","2788","2832","2850","2917","2903","2890","2802"
Stadt Leipzig,   Haushalte mit 4 Personen,"14027","14340","14720","15419","15624","15624","15966","16395","17064","17844","18447","18969","19574","19948","20453","20771","21488","21387","21487","21144"
Zentrum,   Haushalte mit 5 oder mehr Personen,"4","2","3","10","12","14","13","7","10","42","9","9","8","11","9","7","9","9","15","12"
Zentrum-Ost,   Haushalte mit 5 oder mehr Personen,"29","21","13","29","30","37","34","42","39","41","41","41","49","56","58","63","57","52","55","54"
Zentrum-Südost,   Haushalte mit 5 oder mehr Personen,"64","62","65","87","98","102","116","120","126","237","177","177","178","181","176","178","193","198","184","189"
Zentrum-Süd,   Haushalte mit 5 oder mehr Personen,"65","55","61","90","86","94","95","104","121","132","131","138","129","126","131","155","168","170","166","190"
Zentrum-West,   Haushalte mit 5 oder mehr Personen,"81","86","85","105","103","104","104","116","107","133","134","138","143","144","135","139","145","144","142","129"
Zentrum-Nordwest,   Haushalte mit 5 oder mehr Personen,"71","78","91","128","147","155","154","164","177","187","187","198","175","157","154","151","154","139","142","137"
Zentrum-Nord,   Haushalte mit 5 oder mehr Personen,"80","69","70","95","104","110","116","101","102","106","112","121","112","110","112","104","111","109","124","122"
Schönefeld-Abtnaundorf,   Haushalte mit 5 oder mehr Personen,"90","100","97","116","121","131","128","133","145","165","176","190","205","209","224","220","229","233","233","216"
Schönefeld-Ost,   Haushalte mit 5 oder mehr Personen,"41","46","32","39","40","47","42","59","50","71","72","88","85","87","91","97","106","106","122","99"
Mockau-Süd,   Haushalte mit 5 oder mehr Personen,"26","28","31","31","35","37","41","39","39","41","36","49","50","58","66","65","68","65","69","64"
Mockau-Nord,   Haushalte mit 5 oder mehr Personen,"58","50","39","51","65","59","69","69","74","85","96","98","110","110","116","116","117","118","120","161"
Thekla,   Haushalte mit 5 oder mehr Personen,"30","30","27","33","27","30","30","31","24","30","34","41","43","53","60","60","60","60","65","63"
Plaußig-Portitz,   Haushalte mit 5 oder mehr Personen,"22","27","24","24","29","27","21","22","29","32","32","32","31","39","39","44","50","53","55","72"
Neustadt-Neuschönefeld,   Haushalte mit 5 oder mehr Personen,"133","129","140","152","167","182","179","192","187","212","228","228","255","257","244","230","236","213","228","209"
Volkmarsdorf,   Haushalte mit 5 oder mehr Personen,"111","117","119","115","129","144","163","179","213","254","287","311","326","324","338","334","347","354","334","315"
Anger-Crottendorf,   Haushalte mit 5 oder mehr Personen,"99","95","106","120","117","109","111","99","117","120","124","141","151","160","140","159","160","148","147","146"
Sellerhausen-Stünz,   Haushalte mit 5 oder mehr Personen,"42","42","44","43","38","44","54","56","69","80","79","87","103","101","104","114","119","114","121","115"
Paunsdorf,   Haushalte mit 5 oder mehr Personen,"108","98","88","114","117","121","131","139","162","184","174","200","218","208","215","225","241","237","243","220"
Heiterblick,   Haushalte mit 5 oder mehr Personen,"26","23","18","24","25","24","20","13","15","19","19","21","28","27","25","28","27","28","27","26"
Mölkau,   Haushalte mit 5 oder mehr Personen,"44","55","57","52","58","57","60","53","55","61","62","65","68","70","69","72","78","83","80","74"
Engelsdorf,   Haushalte mit 5 oder mehr Personen,"70","78","96","94","95","95","90","85","83","100","95","90","90","93","84","85","87","92","91","83"
Baalsdorf,   Haushalte mit 5 oder mehr Personen,"32","29","25","24","22","21","21","21","22","24","23","21","19","19","23","21","20","22","27","23"
Althen-Kleinpösna,   Haushalte mit 5 oder mehr Personen,"29","28","28","26","27","23","26","24","27","23","22","21","22","24","22","26","24","26","30","28"
Reudnitz-Thonberg,   Haushalte mit 5 oder mehr Personen,"176","165","154","205","192","215","210","212","232","256","251","257","250","260","261","272","294","308","308","296"
Stötteritz,   Haushalte mit 5 oder mehr Personen,"141","138","154","175","174","181","186","190","187","212","218","228","242","248","250","251","280","280","263","228"
Probstheida,   Haushalte mit 5 oder mehr Personen,"32","43","48","55","53","56","51","53","48","65","70","74","65","66","70","84","99","90","98","90"
Meusdorf,   Haushalte mit 5 oder mehr Personen,"21","24","23","24","29","30","35","36","31","35","36","37","39","41","37","37","42","43","50","49"
Liebertwolkwitz,   Haushalte mit 5 oder mehr Personen,"40","56","58","55","57","59","54","56","51","49","51","56","55","57","55","49","53","57","64","58"
Holzhausen,   Haushalte mit 5 oder mehr Personen,"54","54","56","63","65","65","71","76","74","80","78","80","80","78","84","87","89","94","95","90"
Südvorstadt,   Haushalte mit 5 oder mehr Personen,"166","176","183","253","258","276","279","291","303","338","331","339","369","381","365","358","358","360","329","286"
Connewitz,   Haushalte mit 5 oder mehr Personen,"140","131","156","179","167","184","189","193","188","196","201","211","198","202","214","202","218","208","217","198"
Marienbrunn,   Haushalte mit 5 oder mehr Personen,"38","47","49","52","51","48","57","65","74","76","77","83","76","76","74","77","82","72","68","63"
Lößnig,   Haushalte mit 5 oder mehr Personen,"65","59","60","66","73","80","69","70","74","70","78","87","87","90","96","97","91","80","86","86"
Dölitz-Dösen,   Haushalte mit 5 oder mehr Personen,"32","32","37","42","37","43","45","46","44","49","55","57","56","60","65","63","60","60","60","60"
Schleußig,   Haushalte mit 5 oder mehr Personen,"125","115","134","205","202","211","211","208","210","220","225","242","234","233","236","211","207","202","190","168"
Plagwitz,   Haushalte mit 5 oder mehr Personen,"65","61","71","106","99","110","119","128","161","173","186","189","195","203","201","202","201","203","211","192"
Kleinzschocher,   Haushalte mit 5 oder mehr Personen,"71","79","82","112","99","110","106","107","117","128","133","125","137","157","152","148","155","165","170","155"
Großzschocher,   Haushalte mit 5 oder mehr Personen,"45","49","54","54","60","60","55","62","70","64","63","59","70","73","72","69","68","75","77","70"
Knautkleeberg-Knauthain,   Haushalte mit 5 oder mehr Personen,"68","68","64","63","60","67","62","66","64","71","69","75","81","79","75","80","87","87","89","78"
Hartmannsdorf-Knautnaundorf,   Haushalte mit 5 oder mehr Personen,"9","12","11","11","9","10","12","13","12","15","11","18","15","19","18","20","23","27","25","24"
Schönau,   Haushalte mit 5 oder mehr Personen,"55","56","58","60","55","46","42","44","54","66","77","89","97","102","106","105","109","104","109","97"
Grünau-Ost,   Haushalte mit 5 oder mehr Personen,"22","15","9","15","18","18","18","24","28","36","34","50","44","34","41","45","53","58","61","53"
Grünau-Mitte,   Haushalte mit 5 oder mehr Personen,"171","154","160","185","183","185","193","190","219","256","348","363","358","368","350","375","376","375","392","375"
Grünau-Siedlung,   Haushalte mit 5 oder mehr Personen,"22","30","30","28","29","28","32","32","30","31","31","31","35","34","40","39","40","39","38","39"
Lausen-Grünau,   Haushalte mit 5 oder mehr Personen,"84","89","65","81","95","88","115","114","129","149","142","168","166","194","210","219","247","247","249","253"
Grünau-Nord,   Haushalte mit 5 oder mehr Personen,"105","101","102","102","98","98","111","107","121","134","178","183","183","192","210","207","213","205","204","202"
Miltitz,   Haushalte mit 5 oder mehr Personen,"15","24","22","25","22","20","24","18","18","17","19","17","16","13","15","16","16","17","19","18"
Lindenau,   Haushalte mit 5 oder mehr Personen,"45","47","42","57","54","61","74","78","79","88","92","98","103","110","110","111","114","108","109","99"
Altlindenau,   Haushalte mit 5 oder mehr Personen,"119","122","118","146","145","150","152","164","202","209","226","228","233","231","253","244","275","283","262","238"
Neulindenau,   Haushalte mit 5 oder mehr Personen,"28","32","28","41","37","39","38","44","62","55","49","52","59","63","62","71","88","95","109","113"
Leutzsch,   Haushalte mit 5 oder mehr Personen,"60","60","62","78","82","87","89","93","98","114","112","130","134","129","130","134","135","127","134","150"
Böhlitz-Ehrenberg,   Haushalte mit 5 oder mehr Personen,"73","91","100","101","97","102","90","94","97","101","102","94","96","99","104","98","104","112","107","104"
Burghausen-Rückmarsdorf,   Haushalte mit 5 oder mehr Personen,"31","40","52","46","49","56","54","59","54","50","53","46","50","49","54","54","54","51","48","55"
Möckern,   Haushalte mit 5 oder mehr Personen,"79","86","81","88","94","96","96","104","113","129","136","153","165","190","204","207","206","219","221","206"
Wahren,   Haushalte mit 5 oder mehr Personen,"33","34","33","45","38","42","41","46","49","58","52","50","58","62","72","80","82","96","103","101"
Lützschena-Stahmeln,   Haushalte mit 5 oder mehr Personen,"30","33","39","42","40","34","31","30","30","32","32","38","40","41","44","47","51","55","57","53"
Lindenthal,   Haushalte mit 5 oder mehr Personen,"39","49","53","60","57","52","53","55","50","49","56","58","64","63","58","61","65","60","68","72"
Gohlis-Süd,   Haushalte mit 5 oder mehr Personen,"160","139","157","204","214","219","208","228","234","229","238","259","267","265","263","258","267","255","246","231"
Gohlis-Mitte,   Haushalte mit 5 oder mehr Personen,"123","127","122","141","150","151","149","157","162","167","175","195","206","199","199","200","212","198","208","203"
Gohlis-Nord,   Haushalte mit 5 oder mehr Personen,"33","41","42","59","60","59","57","57","62","71","80","88","91","107","117","144","150","144","160","140"
Eutritzsch,   Haushalte mit 5 oder mehr Personen,"94","108","105","137","129","135","131","129","151","173","170","174","175","170","177","172","162","163","173","158"
Seehausen,   Haushalte mit 5 oder mehr Personen,"33","41","41","38","38","35","33","34","26","29","32","30","32","34","37","42","44","47","50","47"
Wiederitzsch,   Haushalte mit 5 oder mehr Personen,"98","110","113","104","101","99","99","102","103","107","106","101","101","102","102","105","116","113","103","119"
Mitte,   Haushalte mit 5 oder mehr Personen,"394","373","388","544","580","616","632","654","682","878","791","822","794","785","775","797","837","821","828","833"
Nordost,   Haushalte mit 5 oder mehr Personen,"267","281","250","294","317","331","331","353","361","424","446","498","524","556","596","602","630","635","664","675"
Ost,   Haushalte mit 5 oder mehr Personen,"694","694","721","764","795","820","855","861","950","1077","1113","1185","1280","1283","1264","1294","1339","1317","1328","1239"
Südost,   Haushalte mit 5 oder mehr Personen,"464","480","493","577","570","606","607","623","623","697","704","732","731","750","757","780","857","872","878","811"
Süd,   Haushalte mit 5 oder mehr Personen,"441","445","485","592","586","631","639","665","683","729","742","777","786","809","814","797","809","780","760","693"
Südwest,   Haushalte mit 5 oder mehr Personen,"383","384","416","551","529","568","565","584","634","671","687","708","732","764","754","730","741","759","762","687"
West,   Haushalte mit 5 oder mehr Personen,"474","469","446","496","500","483","535","529","599","689","829","901","899","937","972","1006","1054","1045","1072","1037"
Alt-West,   Haushalte mit 5 oder mehr Personen,"356","392","402","469","464","495","497","532","592","617","634","648","675","681","713","712","770","776","769","759"
Nordwest,   Haushalte mit 5 oder mehr Personen,"181","202","206","235","229","224","221","235","242","268","276","299","327","356","378","395","404","430","449","432"
Nord,   Haushalte mit 5 oder mehr Personen,"541","566","580","683","692","698","677","707","738","776","801","847","872","877","895","921","951","920","940","898"
Stadt Leipzig,   Haushalte mit 5 oder mehr Personen,"4195","4286","4387","5205","5262","5472","5559","5743","6104","6826","7023","7417","7620","7798","7918","8034","8393","8355","8450","8064"
Zentrum,Durchschnittliche Haushaltsgröße,"1,3012","1,2962","1,27349869451697","1,3468085106383","1,37186311787072","1,38","1,3673","1,366","1,3472","1,53","1,38","1,38","1,37","1,35","1,3548","1,363099631","1,372126437","1,357346648","1,357044199","1,341032609"
Zentrum-Ost,Durchschnittliche Haushaltsgröße,"1,4732","1,4608","1,45119863013699","1,54719501335708","1,56985940246046","1,58","1,5497","1,5597","1,5798","1,58","1,55","1,55","1,56","1,58","1,5874","1,599892876","1,602690119","1,590087765","1,585496183","1,585617299"
Zentrum-Südost,Durchschnittliche Haushaltsgröße,"1,3672","1,3752","1,37788991902359","1,40259122786164","1,41428743524877","1,43","1,426","1,4265","1,441","1,49","1,46","1,46","1,47","1,47","1,4707","1,470702327","1,484851505","1,484032436","1,49161899","1,486846024"
Zentrum-Süd,Durchschnittliche Haushaltsgröße,"1,5338","1,5266","1,53492545554942","1,58745595489782","1,59781254326457","1,6","1,5868","1,6006","1,6076","1,61","1,61","1,62","1,61","1,61","1,6152","1,623707147","1,634118323","1,637960534","1,635089306","1,65"
Zentrum-West,Durchschnittliche Haushaltsgröße,"1,511","1,54","1,56410256410256","1,60236351531292","1,62646960026873","1,64","1,6197","1,6254","1,6285","1,65","1,65","1,66","1,65","1,66","1,6606","1,667350227","1,669739306","1,65505079","1,651995471","1,644618834"
Zentrum-Nordwest,Durchschnittliche Haushaltsgröße,"1,6741","1,7169","1,74700598802395","1,80585805482538","1,84067407123707","1,84","1,8244","1,834","1,8582","1,87","1,87","1,88","1,86","1,85","1,8496","1,843394576","1,839003436","1,817264957","1,813125318","1,802864364"
Zentrum-Nord,Durchschnittliche Haushaltsgröße,"1,6078","1,6079","1,61255411255411","1,67984102450872","1,71324823943662","1,73","1,6823","1,6561","1,6669","1,67","1,7","1,71","1,7","1,69","1,6803","1,660445733","1,6427695","1,628364389","1,611522634","1,599324013"
Schönefeld-Abtnaundorf,Durchschnittliche Haushaltsgröße,"1,7515","1,7666","1,77233054781801","1,78624840415831","1,79628647214854","1,78","1,7511","1,7486","1,7478","1,76","1,74","1,75","1,75","1,75","1,7431","1,723102693","1,729203098","1,727384919","1,715980719","1,691326218"
Schönefeld-Ost,Durchschnittliche Haushaltsgröße,"1,7002","1,6858","1,6694930224342","1,69097853765005","1,68160117517444","1,66","1,6526","1,6615","1,6471","1,66","1,65","1,66","1,66","1,65","1,6287","1,618822736","1,638884277","1,633777339","1,651803279","1,62818226"
Mockau-Süd,Durchschnittliche Haushaltsgröße,"1,7057","1,7226","1,71466198419666","1,71691341408703","1,73905579399142","1,73","1,7031","1,6779","1,6954","1,69","1,7","1,7","1,69","1,69","1,6559","1,654564315","1,676715177","1,676510989","1,674821611","1,658333333"
Mockau-Nord,Durchschnittliche Haushaltsgröße,"1,7527","1,7571","1,74198525630036","1,76006191950464","1,75349471530856","1,74","1,7379","1,7217","1,7228","1,72","1,72","1,71","1,71","1,7","1,6942","1,686010996","1,685964119","1,676163484","1,669970414","1,693667584"
Thekla,Durchschnittliche Haushaltsgröße,"1,8014","1,8214","1,81951731374606","1,83292122924762","1,8306394940267","1,82","1,7917","1,7904","1,795","1,79","1,78","1,78","1,76","1,77","1,7757","1,756899225","1,766309342","1,766317734","1,773337401","1,750225972"
Plaußig-Portitz,Durchschnittliche Haushaltsgröße,"2,0517","2,2773","2,27698744769874","2,30607082630691","2,29805249788315","2,25","2,2109","2,1836","2,1554","2,17","2,14","2,14","2,15","2,17","2,1474","2,183088749","2,224811515","2,196979645","2,207138305","2,220430108"
Neustadt-Neuschönefeld,Durchschnittliche Haushaltsgröße,"1,6683","1,6648","1,65201465201465","1,68994314143568","1,70738279144961","1,71","1,681","1,6672","1,6564","1,65","1,64","1,63","1,63","1,61","1,6061","1,590605627","1,572443833","1,548182728","1,550318611","1,548057933"
Volkmarsdorf,Durchschnittliche Haushaltsgröße,"1,6792","1,6876","1,69281603069708","1,71081967213115","1,70918367346939","1,71","1,6795","1,6798","1,686","1,7","1,7","1,73","1,72","1,72","1,7133","1,695847219","1,691389914","1,680570669","1,651473896","1,630062581"
Anger-Crottendorf,Durchschnittliche Haushaltsgröße,"1,6976","1,7032","1,72085944494181","1,75547115210707","1,74299482420132","1,73","1,692","1,6668","1,6668","1,65","1,65","1,66","1,64","1,65","1,6338","1,620734908","1,626345132","1,610895946","1,597180639","1,589671246"
Sellerhausen-Stünz,Durchschnittliche Haushaltsgröße,"1,7193","1,7299","1,72056514913658","1,73174030658251","1,71596032461677","1,72","1,7043","1,7134","1,7166","1,72","1,73","1,72","1,74","1,71","1,7048","1,710231381","1,700430262","1,696150403","1,684449886","1,660030891"
Paunsdorf,Durchschnittliche Haushaltsgröße,"1,729","1,7095","1,68933669185558","1,70120982524746","1,69671011793917","1,68","1,6668","1,6548","1,6559","1,66","1,65","1,67","1,67","1,66","1,6677","1,656978748","1,662575342","1,665095374","1,683454052","1,670385396"
Heiterblick,Durchschnittliche Haushaltsgröße,"2,0267","2,0523","2,01189296333003","2,06336939721793","2,00351935646053","1,97","1,9165","1,8423","1,8474","1,83","1,82","1,8","1,81","1,79","1,7697","1,7631452","1,744853997","1,744609487","1,738129496","1,715925395"
Mölkau,Durchschnittliche Haushaltsgröße,"1,9728","2,057","2,1214953271028","2,12478093235191","2,11083830235005","2,1","2,0807","2,0638","2,0543","2,06","2,05","2,01","2","1,99","1,9813","1,978666667","1,985976628","1,986581684","1,968874172","1,948009214"
Engelsdorf,Durchschnittliche Haushaltsgröße,"1,9758","2,0601","2,16087993639014","2,16966649020646","2,13295975547631","2,08","2,0559","2,0517","2,0287","2,03","1,98","1,91","1,93","1,91","1,8933","1,894058995","1,875101051","1,873268134","1,867290861","1,845782162"
Baalsdorf,Durchschnittliche Haushaltsgröße,"2,2079","2,4237","2,47455089820359","2,43831640058055","2,45165945165945","2,41","2,4288","2,4126","2,4063","2,41","2,41","2,37","2,36","2,36","2,3308","2,317662008","2,31281407","2,313054499","2,313997478","2,281407035"
Althen-Kleinpösna,Durchschnittliche Haushaltsgröße,"2,1754","2,3083","2,33928571428571","2,32066508313539","2,30403800475059","2,26","2,2429","2,2248","2,2171","2,19","2,17","2,16","2,15","2,16","2,1262","2,111353712","2,112781955","2,115261473","2,133547009","2,115261473"
Reudnitz-Thonberg,Durchschnittliche Haushaltsgröße,"1,6542","1,6458","1,65832231248819","1,69499079546556","1,69337678520081","1,69","1,6565","1,6414","1,6431","1,65","1,65","1,64","1,63","1,61","1,6127","1,605379883","1,604535243","1,597626154","1,594158497","1,587449118"
Stötteritz,Durchschnittliche Haushaltsgröße,"1,7397","1,7502","1,78881292728403","1,82964290285422","1,82698874415075","1,82","1,8075","1,8007","1,7906","1,8","1,8","1,78","1,79","1,78","1,7818","1,777889045","1,780770743","1,759980526","1,744098297","1,728628134"
Probstheida,Durchschnittliche Haushaltsgröße,"1,8364","1,8794","1,90230263157895","1,97826086956522","1,95872355185571","1,94","1,9245","1,918","1,9023","1,92","1,9","1,89","1,88","1,88","1,889","1,869882221","1,889863014","1,891156463","1,882463186","1,868428148"
Meusdorf,Durchschnittliche Haushaltsgröße,"1,807","1,8819","1,87638085218306","1,8975188781014","1,90681198910082","1,9","1,8906","1,8813","1,8631","1,88","1,85","1,84","1,84","1,88","1,8791","1,869616519","1,875584112","1,88838008","1,939030745","1,948335817"
Liebertwolkwitz,Durchschnittliche Haushaltsgröße,"1,9025","2,0136","2,08256513026052","2,08827085852479","2,0748","2,05","2,0479","2,0321","2,0109","2,01","2","1,95","1,95","1,96","1,947","1,941176471","1,932007233","1,929996373","1,914265386","1,906767459"
Holzhausen,Durchschnittliche Haushaltsgröße,"1,9783","2,0593","2,11407357408032","2,10535173342309","2,09231805929919","2,09","2,0658","2,0445","2,0461","2,04","2,02","2","2","2,01","2,0052","2,003337379","1,993720096","1,999098016","1,987764846","1,959340012"
Südvorstadt,Durchschnittliche Haushaltsgröße,"1,5718","1,5951","1,60853013746916","1,65723674810687","1,67267116405914","1,67","1,6556","1,6662","1,6858","1,7","1,7","1,71","1,73","1,73","1,7328","1,727696755","1,722815471","1,717067805","1,706299514","1,688221709"
Connewitz,Durchschnittliche Haushaltsgröße,"1,6254","1,6281","1,64612421762157","1,6839902676399","1,68156748911466","1,68","1,6655","1,6642","1,6563","1,65","1,65","1,66","1,65","1,66","1,6572","1,645228037","1,642035435","1,624209651","1,627779622","1,60838353"
Marienbrunn,Durchschnittliche Haushaltsgröße,"1,6778","1,7437","1,73852003509798","1,76941674221819","1,7739288969918","1,75","1,7454","1,7617","1,7625","1,76","1,75","1,76","1,75","1,74","1,7252","1,712929349","1,714014123","1,703259961","1,692115491","1,662863352"
Lößnig,Durchschnittliche Haushaltsgröße,"1,6368","1,6728","1,66499544211486","1,70526478307859","1,69480319803198","1,68","1,6609","1,646","1,6337","1,63","1,61","1,61","1,59","1,58","1,582","1,566029602","1,551861892","1,53982808","1,552053771","1,541283041"
Dölitz-Dösen,Durchschnittliche Haushaltsgröße,"1,8165","1,8778","1,86856042368801","1,90333333333333","1,91519771319676","1,9","1,8464","1,8291","1,8714","1,88","1,91","1,91","1,9","1,91","1,894","1,885509083","1,894516534","1,863244353","1,851195383","1,835260116"
Schleußig,Durchschnittliche Haushaltsgröße,"1,7818","1,8051","1,85707685199446","1,94548872180451","1,96449796684392","1,95","1,9231","1,9247","1,9338","1,94","1,94","1,95","1,97","1,96","1,9523","1,943005181","1,939683987","1,915197568","1,895124887","1,886769785"
Plagwitz,Durchschnittliche Haushaltsgröße,"1,5621","1,5846","1,6024406779661","1,65090152565881","1,65773728583084","1,67","1,65","1,6597","1,6767","1,69","1,67","1,69","1,69","1,69","1,689","1,684945469","1,673930348","1,671640316","1,69514641","1,678717667"
Kleinzschocher,Durchschnittliche Haushaltsgröße,"1,7175","1,7032","1,71428571428571","1,76505263157895","1,77530406101835","1,76","1,7367","1,7136","1,7187","1,74","1,73","1,73","1,75","1,74","1,7328","1,71869783","1,734344423","1,728775477","1,732731305","1,701988813"
Großzschocher,Durchschnittliche Haushaltsgröße,"1,7616","1,7799","1,79429369513168","1,8117239975575","1,80008053150795","1,77","1,7623","1,7566","1,7432","1,74","1,74","1,73","1,73","1,72","1,7098","1,69987111","1,692518749","1,690729205","1,677542142","1,650386066"
Knautkleeberg-Knauthain,Durchschnittliche Haushaltsgröße,"2,0751","2,1932","2,18441971383148","2,20280561122244","2,16275430359937","2,15","2,155","2,1384","2,1274","2,12","2,17","2,15","2,17","2,16","2,1422","2,154223228","2,158962796","2,14051435","2,141372913","2,135574437"
Hartmannsdorf-Knautnaundorf,Durchschnittliche Haushaltsgröße,"2,0962","2,2661","2,22300884955752","2,22759856630824","2,19022687609075","2,16","2,1294","2,0742","2,1069","2,11","2,13","2,15","2,17","2,14","2,1969","2,220367279","2,185550082","2,193811075","2,181523501","2,172468354"
Schönau,Durchschnittliche Haushaltsgröße,"1,8376","1,8619","1,86451863354037","1,89141716566866","1,86771844660194","1,83","1,8165","1,8199","1,8525","1,87","1,88","1,92","1,91","1,92","1,935","1,942383867","1,955024596","1,939571823","1,938733833","1,913013931"
Grünau-Ost,Durchschnittliche Haushaltsgröße,"1,6695","1,6807","1,6743008147985","1,68785600364548","1,67943132309103","1,65","1,6406","1,6271","1,6226","1,63","1,6","1,59","1,58","1,58","1,5662","1,544905356","1,544680008","1,539729837","1,577958138","1,570614313"
Grünau-Mitte,Durchschnittliche Haushaltsgröße,"1,7956","1,783","1,78052390113956","1,81616068690586","1,80413325107958","1,8","1,7905","1,7912","1,8028","1,82","1,87","1,88","1,86","1,85","1,8443","1,846196557","1,846456693","1,87472067","1,860123856","1,845822102"
Grünau-Siedlung,Durchschnittliche Haushaltsgröße,"2,066","2,1752","2,16154721274175","2,1487414187643","2,13592233009709","2,12","2,0957","2,066","2,0418","2,03","2,01","2","2","1,99","1,9849","1,970873786","1,979792463","1,970264317","1,961180973","1,950027457"
Lausen-Grünau,Durchschnittliche Haushaltsgröße,"1,7004","1,7164","1,70286856001142","1,72596439169139","1,73299140141801","1,72","1,7212","1,7222","1,7261","1,73","1,73","1,74","1,75","1,75","1,7481","1,746311529","1,773987207","1,75962019","1,751608115","1,742846662"
Grünau-Nord,Durchschnittliche Haushaltsgröße,"1,7457","1,7573","1,76608564665376","1,78478212784782","1,77792762418521","1,78","1,7872","1,7802","1,7896","1,79","1,83","1,83","1,82","1,81","1,8048","1,78779473","1,803509449","1,780652418","1,767322984","1,753168148"
Miltitz,Durchschnittliche Haushaltsgröße,"2,0716","2,1585","2,13617021276596","2,14750542299349","2,11493018259936","2,06","2,0653","2,0267","2,0158","2,01","2,01","1,99","1,97","1,96","1,9417","1,924643585","1,894578313","1,882352941","1,888551165","1,87807377"
Lindenau,Durchschnittliche Haushaltsgröße,"1,5485","1,5524","1,55013698630137","1,59380142622052","1,60180037066455","1,6","1,5889","1,5918","1,6","1,61","1,62","1,63","1,63","1,63","1,6455","1,646014283","1,647280256","1,638722928","1,626879525","1,615299743"
Altlindenau,Durchschnittliche Haushaltsgröße,"1,6323","1,6607","1,64365284974093","1,68420355155049","1,67635608616662","1,66","1,6456","1,6388","1,6523","1,65","1,65","1,65","1,66","1,65","1,6563","1,65408245","1,654845719","1,64189771","1,622237451","1,611930238"
Neulindenau,Durchschnittliche Haushaltsgröße,"1,6722","1,7082","1,70015649452269","1,74377560668137","1,74236220472441","1,73","1,7108","1,7105","1,7218","1,71","1,7","1,7","1,7","1,7","1,6845","1,681528662","1,701867816","1,740124279","1,741976351","1,729460581"
Leutzsch,Durchschnittliche Haushaltsgröße,"1,7514","1,7565","1,76395112016293","1,80787369284396","1,80394148720032","1,79","1,7845","1,7679","1,7649","1,77","1,77","1,77","1,75","1,74","1,7374","1,732495512","1,740309459","1,717932556","1,705909725","1,704338751"
Böhlitz-Ehrenberg,Durchschnittliche Haushaltsgröße,"1,909","1,9573","2,00060950832995","2,00324412003244","2,00040625634776","2","1,9602","1,9639","1,9617","1,94","1,92","1,88","1,88","1,89","1,8759","1,858591445","1,850889938","1,837058399","1,829572125","1,812850679"
Burghausen-Rückmarsdorf,Durchschnittliche Haushaltsgröße,"1,9718","2,09","2,15356820234869","2,15228197017623","2,1514606741573","2,12","2,1133","2,113","2,0994","2,08","2,07","2,02","2,02","2,02","2,0071","2,013490725","1,993333333","1,992119453","1,979432332","1,968813285"
Möckern,Durchschnittliche Haushaltsgröße,"1,6686","1,6733","1,68501937725511","1,7020901194354","1,69063680518079","1,68","1,6689","1,6576","1,6476","1,65","1,66","1,65","1,65","1,66","1,6756","1,670793305","1,684510581","1,644911","1,687170988","1,671043739"
Wahren,Durchschnittliche Haushaltsgröße,"1,7417","1,785","1,79438964241677","1,83064014916097","1,81426356589147","1,82","1,7854","1,7683","1,7605","1,76","1,73","1,72","1,73","1,72","1,7321","1,712720343","1,718105066","1,72763466","1,756126021","1,739069767"
Lützschena-Stahmeln,Durchschnittliche Haushaltsgröße,"2,0469","2,1674","2,22186322024771","2,20562770562771","2,18260399783901","2,17","2,1663","2,1529","2,1401","2,11","2,09","2,05","2,04","2,05","2,0588","2,052325581","2,051282051","2,059443912","2,06121473","2,035389766"
Lindenthal,Durchschnittliche Haushaltsgröße,"1,8848","1,9854","2,02700854700855","2,03365544818394","2,00290416263311","1,96","1,9599","1,9596","1,939","1,91","1,91","1,88","1,88","1,89","1,886","1,875244209","1,870656371","1,866722084","1,855892808","1,847039914"
Gohlis-Süd,Durchschnittliche Haushaltsgröße,"1,733","1,7442","1,76148820728601","1,81758023602073","1,8109225413403","1,81","1,7884","1,7855","1,7881","1,78","1,78","1,79","1,79","1,79","1,7805","1,772444361","1,769230769","1,748754383","1,733345602","1,717258374"
Gohlis-Mitte,Durchschnittliche Haushaltsgröße,"1,803","1,817","1,8292840527268","1,87192569335426","1,86742034943474","1,85","1,8334","1,832","1,8265","1,83","1,84","1,86","1,86","1,85","1,8394","1,828105526","1,82530244","1,809235122","1,798627002","1,783880242"
Gohlis-Nord,Durchschnittliche Haushaltsgröße,"1,7813","1,7727","1,76852257781675","1,80267558528428","1,80887521968366","1,78","1,7687","1,7488","1,7449","1,74","1,75","1,76","1,75","1,75","1,7611","1,774564397","1,773685143","1,760740482","1,757792095","1,743200837"
Eutritzsch,Durchschnittliche Haushaltsgröße,"1,7297","1,7627","1,77016574585635","1,80441835315928","1,78764302059497","1,79","1,7734","1,7595","1,7549","1,78","1,77","1,77","1,76","1,76","1,7543","1,734465318","1,731820287","1,721118721","1,714220963","1,698877666"
Seehausen,Durchschnittliche Haushaltsgröße,"1,964","2,105","2,18326693227092","2,17898832684825","2,1811100292113","2,19","2,1657","2,1208","2,1106","2,08","2,06","2,05","2,07","2,08","2,0812","2,06848249","2,107820805","2,094846901","2,069868996","2,058055152"
Wiederitzsch,Durchschnittliche Haushaltsgröße,"2,0372","2,1646","2,21981837606838","2,20728142439543","2,19726099552278","2,17","2,1633","2,1512","2,1306","2,11","2,1","2,06","2,06","2,05","2,0467","2,033550792","2,031166518","2,015862377","2,004210993","2,016249451"
Mitte,Durchschnittliche Haushaltsgröße,"1,5052","1,51704061346208","1,52750763711779","1,57849658834613","1,60008612028133","1,61","1,64738292011019","1,59450575879854","1,60558093138027","1,63","1,63","1,62","1,62","1,62","1,6185","1,619263074","1,62246556","1,614530234","1,611937536","1,608819927"
Nordost,Durchschnittliche Haushaltsgröße,"1,758","1,77276643404842","1,76575761492396","1,7826917234495","1,78262733664895","1,77","1,74797888137271","1,74152697162804","1,73926957078283","1,74","1,74","1,74","1,73","1,73","1,7218","1,712589074","1,724320883","1,719715796","1,720677777","1,71217308"
Ost,Durchschnittliche Haushaltsgröße,"1,7866","1,80602032240813","1,81414612879235","1,83452956779529","1,82664413828958","1,81","1,78565042467591","1,77142650323328","1,7665953886203","1,76","1,76","1,75","1,75","1,74","1,7283","1,71797248","1,711732544","1,702214962","1,695652174","1,68069108"
Südost,Durchschnittliche Haushaltsgröße,"1,7652","1,79008145169605","1,81729245607992","1,8517891170866","1,84589497300708","1,84","1,81274105599149","1,79962857980647","1,79221522610189","1,8","1,8","1,78","1,77","1,76","1,7641","1,756874096","1,757934628","1,749792715","1,743648208","1,732895057"
Süd,Durchschnittliche Haushaltsgröße,"1,6228","1,64823412369425","1,65618860510805","1,69800049780138","1,70248596631917","1,7","1,67937714240162","1,68101637967241","1,68657649910093","1,69","1,69","1,69","1,69","1,69","1,6934","1,683371929","1,678637817","1,666501976","1,66477849","1,646433504"
Südwest,Durchschnittliche Haushaltsgröße,"1,7437","1,76838262963799","1,78772093023256","1,83759026985937","1,838846225885","1,83","1,8075165964737","1,80059140720125","1,80512609084038","1,81","1,81","1,81","1,82","1,81","1,806","1,799033661","1,795308085","1,786561889","1,788721307","1,770114943"
West,Durchschnittliche Haushaltsgröße,"1,7722","1,78879325365021","1,78502090271381","1,80747431162468","1,80027329467814","1,79","1,7801193721907","1,77352618088612","1,77890885378931","1,78","1,78","1,8","1,8","1,79","1,7885","1,781232576","1,791326612","1,787019554","1,788248479","1,775141891"
Alt-West,Durchschnittliche Haushaltsgröße,"1,7302","1,76204318936877","1,76825372966067","1,80062151817183","1,79639329542053","1,78","1,76305038583749","1,75605483881834","1,75839625097631","1,75","1,75","1,74","1,74","1,73","1,7311","1,727082546","1,728311866","1,721136916","1,709173248","1,698707505"
Nordwest,Durchschnittliche Haushaltsgröße,"1,7742","1,8162872715614","1,83667547875427","1,8536443148688","1,83672291011741","1,82","1,80758556891767","1,79462526127202","1,78146198830409","1,77","1,77","1,75","1,75","1,75","1,7657","1,755841942","1,762693536","1,741395793","1,770686511","1,754601826"
Nord,Durchschnittliche Haushaltsgröße,"1,8012","1,83083104909046","1,84636268279139","1,88231669747381","1,87549761448932","1,86","1,84728650775284","1,83743204033916","1,83200220324979","1,83","1,83","1,84","1,83","1,83","1,8251","1,816129032","1,815286938","1,799541866","1,789234525","1,777040988"
Stadt Leipzig,Durchschnittliche Haushaltsgröße,"1,71897565099424","1,74157007556331","1,75123780945236","1,78493912947185","1,78433641576691","1,77","1,75639365330433","1,7496","1,75","1,75","1,75","1,75","1,75","1,74","1,7464","1,73271896","1,733689546","1,723984426","1,72148566","1,708901916"
Zentrum,   Haushalte mit 1 Person (Anteil in %),"78,096479791395","77,4685222001325","78,9164490861619","75,4609929078014","73,6121673003802","73,5094339622642","73,7620103473762","73,6383442265795","74,7489239598278","70,14","73,1746031746032","72,7416798732171","73,16","74,8822605965463","73,42814371","72,84132841","72,62931034","74,2510699","74,72375691","75,81521739"
Zentrum-Ost,   Haushalte mit 1 Person (Anteil in %),"67,5438596491228","66,5645514223195","66,6952054794521","63,1789848619769","62,170474516696","61,8578767123288","63,9133921411387","63,1659056316591","61,0384759058648","61,34","63,3877840909091","63,1035631035631","62,58","62,3853211009174","61,62193033","60,60524906","60,91567512","61,40939597","61,42493639","61,60422429"
Zentrum-Südost,   Haushalte mit 1 Person (Anteil in %),"74,8774090546242","73,7562917008077","73,6885342095998","72,9347438488054","72,4009155523431","71,437227338827","72,0014028524667","71,9129438717068","71,3110134144967","70,87","71,3526724046329","71,3405721444978","71,38","71,3828689370485","71,25748503","71,28419763","70,98863863","71,55871459","70,84211583","71,27965849"
Zentrum-Süd,   Haushalte mit 1 Person (Anteil in %),"63,6636636636637","62,8563324351156","62,5897294312535","60,4510218463707","60,1412155614011","60,3778714149789","61,3651251146338","60,870126516912","61,0394537177542","60,91","61,4197155706819","61,4588348579682","61,96","62,2406639004149","62,22774621","62,3707147","62,30901781","62,14212387","62,12977617","61,65924276"
Zentrum-West,   Haushalte mit 1 Person (Anteil in %),"67,2564908218952","64,5567494963062","63,3464825772518","61,9340878828229","60,4971447766208","59,8834304746045","61,1815700754535","61,3785557986871","61,2967200610221","60,81","60,8475836431227","60,8876973488234","61,05","61,0631131937326","60,71533706","60,49509301","60,83825436","61,18792325","61,51995471","61,70123318"
Zentrum-Nordwest,   Haushalte mit 1 Person (Anteil in %),"59,3505253104107","55,9376781303439","54,9026946107784","53,5298535486294","52,0681731137495","52,6454528337413","53,7996703900385","53,8601271571299","52,823086574655","52,26","52,1396598030439","52,7704018410338","53","53,6581045172719","53,17038611","53,40332458","53,5395189","54,75213675","54,298796","54,59140691"
Zentrum-Nord,   Haushalte mit 1 Person (Anteil in %),"61,0370051635112","59,504670866826","59,1774891774892","56,5025391918746","54,5334507042254","53,8824538824539","56,6511439562665","58,1893984514592","57,8864970645793","57,86","56,6193399846508","56,6920152091255","56,93","57,4039186134137","58,15085158","59,30422178","60,92900964","61,95652174","63,11111111","62,83607313"
Schönefeld-Abtnaundorf,   Haushalte mit 1 Person (Anteil in %),"52,781954887218","51,8239939827003","51,2349117920149","50,4468356739011","50,7161803713528","51,7026298044504","53,136113805367","53,2164658005948","54,2639206712433","54,22","55,789182459538","56,0131795716639","56,65","56,6862797539449","57,43394242","58,18837779","57,73170122","58,34875972","58,89259671","59,84541774"
Schönefeld-Ost,   Haushalte mit 1 Person (Anteil in %),"49,1173416407061","49,117903930131","49,1079314608726","48,3084758093852","49,2471538744032","50,3291880029261","50,5468465184105","51,3117423557083","52,1997836278399","52,74","53,6959553695955","53,9088230195875","54,2","55,0914739385571","56,72047579","57,54764716","57,08118878","58,00032889","57,36065574","58,97519053"
Mockau-Süd,   Haushalte mit 1 Person (Anteil in %),"52,078032230704","51,8855656697009","52,2827041264267","51,9964109466128","50,9442060085837","51,9983347210658","53,9084649655731","55,3277040611178","55,4343591741332","55,41","54,9542682926829","55,3755522827688","56,44","56,7164179104478","59,669649","59,95850622","58,62785863","58,75686813","58,74957526","58,93333333"
Mockau-Nord,   Haushalte mit 1 Person (Anteil in %),"48,1345769487009","47,2288744440643","48,0027430138865","47,0072239422085","47,4940334128878","47,9482004709048","48,2496697490093","49,403497303481","49,7897800776197","50,69","51,2892639474918","51,7938273539088","52,52","53,6325775104118","54,06727829","54,8106292","55,29926127","56,17541766","56,89349112","56,80336183"
Thekla,   Haushalte mit 1 Person (Anteil in %),"45,9106529209622","44,5190947666195","44,4211262679259","43,4828682444366","43,78074490513","44,7887323943662","46,0273013650683","46,2835512732278","46,1276015011941","46,51","47,9465449804433","48,4956324813976","50,25","49,718574108818","49,78287841","50,85271318","50,68912711","51,16995074","51,70835876","52,72672492"
Plaußig-Portitz,   Haushalte mit 1 Person (Anteil in %),"36,4844903988183","24,453781512605","24,0167364016736","22,5126475548061","22,5232853513971","24,0912933220626","25,0420168067227","26,4681555004136","28,6184210526316","28,23","29,5345104333868","30,1535974130962","30,11","29,7888975762314","31,31386861","30,95737247","29,95202193","31,64806303","31,35755258","32,25806452"
Neustadt-Neuschönefeld,   Haushalte mit 1 Person (Anteil in %),"59,5660409850181","59,3970380818054","60,2128030699459","58,1734186211798","57,6073289024609","57,5837278625285","59,4819159335288","60,2718802504964","60,2860934965344","60,97","61,8443427076521","62,0272703884744","62,78","64,0688383527966","64,74654378","65,18836433","66,33425034","67,16683339","67,39178203","67,29207812"
Volkmarsdorf,   Haushalte mit 1 Person (Anteil in %),"58,3487749639695","58,4752981260647","58,1965465785547","57,7486338797814","57,8305235137533","58,151114959948","60,1881505204163","60,3603603603604","60,8421411524037","60,85","61,1353077816492","59,6368715083799","60,64","61,1568055187052","61,53240619","62,8428608","63,33333333","63,74078104","65,0408429","65,93458496"
Anger-Crottendorf,   Haushalte mit 1 Person (Anteil in %),"55,8823529411765","55,0499643112063","54,9686660698299","53,3007777174896","53,8104586828485","54,7322212467076","56,7444219066937","57,8211382113821","58,1276199347927","59,27","59,4194568185084","58,9167952855339","60,15","60,424605334785","61,21123774","62,66404199","62,54375729","63,28427576","63,73502994","63,95976447"
Sellerhausen-Stünz,   Haushalte mit 1 Person (Anteil in %),"48,4164859002169","47,8376580172987","48,6880466472303","48,512173128945","49,3913435527502","48,9661440581686","49,9557717823972","49,2482022227065","49,9476439790576","51,11","50,9393346379648","51,6061585249953","51,99","53,2403157701487","54,23048869","53,97686189","55,18106848","55,43419875","56,21829631","58,16028831"
Paunsdorf,   Haushalte mit 1 Person (Anteil in %),"51,6248506571087","52,3655527608097","53,1366198872496","53,1467676891116","53,3954065797641","54,4275380394113","55,1944854751354","56,1723076923077","56,6509033587971","57,03","57,8430239278696","57,1596520103456","57,69","58,2504970178926","58,66109758","59,41412981","59,49589041","59,38390704","58,65776369","59,1503268"
Heiterblick,   Haushalte mit 1 Person (Anteil in %),"34,4158991759573","32,2309970384995","32,7552031714569","30,8088614116435","33,7355455002514","34,7050074367873","36,4740165128703","38,7765419615774","38,2691345672836","39,93","40,5945419103314","41,8795180722892","42,36","43,3971291866029","43,99038462","44,71780029","46,09861178","46,57402971","47,43405276","48,39789574"
Mölkau,   Haushalte mit 1 Person (Anteil in %),"37,3358949727826","33,6930860033727","30,0103842159917","29,7230984928146","30,0596282006314","30,5516265912306","30,6417489421721","31,6380217467555","32,1266968325792","32,62","32,97039809459","35,8597662771285","36,66","37,150466045273","38,06343907","38,43333333","38,7312187","39,34921167","40,59602649","41,69134584"
Engelsdorf,   Haushalte mit 1 Person (Anteil in %),"40,6555772994129","36,0764331210191","31,0628147362841","30,5187930121758","32,1956189505858","34,4165435745938","35,3838701864858","35,3187529083295","36,2220717670955","37,06","40,1642796967144","42,7751588440254","41,92","42,6688977201422","43,95924309","43,99667636","45,45270816","45,599022","45,89863627","47,05053352"
Baalsdorf,   Haushalte mit 1 Person (Anteil in %),"33,2880434782609","23,8023952095808","20,2095808383234","21,7706821480406","19,9134199134199","21,2765957446809","20,0854700854701","20,8391608391608","20,9239130434783","21,45","21,7333333333333","23,7597911227154","24,52","24,3964421855146","25,93984962","26,04828463","26,63316583","26,36248416","26,48171501","27,51256281"
Althen-Kleinpösna,   Haushalte mit 1 Person (Anteil in %),"36,2938596491228","28,253223915592","25","26,0095011876485","25,5344418052257","26,3403263403263","26,7772511848341","27,8099652375435","27,8857142857143","28,6","29,8440979955457","31,6885964912281","31,83","31,3661202185792","30,79434168","32,42358079","32,76047261","32,33724653","32,15811966","33,51120598"
Reudnitz-Thonberg,   Haushalte mit 1 Person (Anteil in %),"58,9447332948199","58,4299817885555","57,4532401284716","56,4092626683461","56,4554778107927","56,5660307464345","58,566050949838","59,5416595672176","59,5299180667053","59,53","60,1798983183418","60,2464034282216","60,96","62,4990934803104","62,88234869","63,43539848","63,81634372","64,42701465","64,54248366","64,7421981"
Stötteritz,   Haushalte mit 1 Person (Anteil in %),"53,0230853792598","51,6746411483254","50,105655686762","48,9440675796749","48,6530921967877","48,8913801694071","49,6812988574865","49,9175888862727","50,279904032903","50,33","51,0088956389672","51,9475021168501","52,12","53,0136564328987","53,40070743","53,70518726","54,11915061","55,33592989","55,90170279","56,03640236"
Probstheida,   Haushalte mit 1 Person (Anteil in %),"45,2769772654499","43,21393361814","41,4473684210526","38,2677708764665","39,2646548733958","40,0755494505495","40,7750910897648","41,3983739837398","42,1884882985452","42,31","44,4511097780444","44,7990543735225","45,46","45,5667144906743","45,24899828","46,74705552","46,57534247","46,17687075","47,01472557","47,47910488"
Meusdorf,   Haushalte mit 1 Person (Anteil in %),"47,6773864216437","43,1445209105347","43,9768542872173","43,4196332254585","42,6158038147139","41,9898819561551","43,3333333333333","44,4011142061281","45,1896646509071","44,34","46,092413006275","46,5980560320183","46,4","44,7681331747919","45,08293839","45,42772861","46,14485981","45,79278764","43,46013549","42,92101341"
Liebertwolkwitz,   Haushalte mit 1 Person (Anteil in %),"43,3490395070678","38,0085238279737","34,5490981963928","33,8976219266425","34,32","35,1362179487179","35,7340720221607","36,5129007036747","36,7990654205607","37,39","38,0168453292496","40,9477971121807","40,95","40,929203539823","41,56470152","42,16911765","42,67631103","42,90895901","44,04126645","44,06047516"
Holzhausen,   Haushalte mit 1 Person (Anteil in %),"39,1386356491669","34,9666666666667","31,6908538643267","32,1777179400875","32,9514824797844","32,6393552719946","34,057486631016","34,6191889218595","34,7598823913754","35,71","36,8738110336081","38,1459442530536","39,02","38,8004895960832","39,78168587","40,26092233","40,81937799","41,04028863","41,53983885","42,95816146"
Südvorstadt,   Haushalte mit 1 Person (Anteil in %),"63,0007799758917","60,4682703976015","60,5216778286923","59,0441491641663","58,3106071479833","58,8127596648123","60,0027489519621","59,7463694006954","59,2458748124915","59,22","59,2562760102027","58,5533405172414","58,32","58,4687083888149","58,6871822","58,80961766","59,18739419","59,51733954","60,06261181","60,57865024"
Connewitz,   Haushalte mit 1 Person (Anteil in %),"59,920326467159","59,1501028101439","59,0081848820414","57,352798053528","57,4165457184325","58,1393138838734","58,9956209820181","59,2018348623853","59,5686843059079","59,98","60,8909154682568","60,6222611744084","60,55","60,5424548674095","61,00043122","61,8760238","62,35620119","62,72046589","62,52074345","63,30555326"
Marienbrunn,   Haushalte mit 1 Person (Anteil in %),"54,140127388535","49,9399038461538","50,5118455688798","48,8365064974312","48,7389851109085","50,1349325337331","50,6849315068493","50,4683840749415","50,8696891930425","51,3","52,4037109924093","52,9577464788732","53,1","53,7531627776216","54,76793249","55,31974309","56,08365019","56,31095013","56,91282621","58,54387395"
Lößnig,   Haushalte mit 1 Person (Anteil in %),"56,4734027582325","53,3232169954476","53,6918869644485","51,6442797591478","52,260147601476","53,3598045204643","54,1874151199638","55,1121076233184","56,396290298837","56,79","58,2461670726465","58,7735713257521","59,83","60,693225945635","60,79230993","62,00603535","62,8763019","63,46704871","62,73338312","63,57291357"
Dölitz-Dösen,   Haushalte mit 1 Person (Anteil in %),"48,0732177263969","44,672531769306","45,5946076071257","43,7619047619048","42,5917103382563","44,1540577716644","46,5736040609137","47,9983491539414","46,3517503163222","46,77","44,9809402795426","45,5082243778996","45,84","46,4408233276158","47,66512411","48,4157161","48,55588112","49,5687885","50,12366035","50,45417011"
Schleußig,   Haushalte mit 1 Person (Anteil in %),"54,1512915129151","52,1604938271605","50,1617126135839","46,9141604010025","46,4028776978417","47,3306275366844","49,5536389771524","49,3299201927421","49,1474271917912","49,04","49,4503839783165","49,0928333837315","48,64","49,210686095932","49,56837801","50,22858884","50,0607718","50,97264438","51,97111044","51,76452921"
Plagwitz,   Haushalte mit 1 Person (Anteil in %),"62,2868325412357","60,6495678840257","59,9457627118644","58,6407766990291","58,2948055480011","58,0367618302698","59,3960569004243","59,1757203589986","58,8763527515542","58,7","59,6969366619427","59,451285374811","59,75","59,7008681100303","59,90109211","60,59525023","61,15422886","61,40316206","60,08824709","60,80095875"
Kleinzschocher,   Haushalte mit 1 Person (Anteil in %),"53,5773366418528","54,1923551171393","53,7240537240537","51,8526315789474","51,3502370645228","52,5475131419329","54,1047693510555","55,2691432903715","55,3410794602699","55,66","56,1668145519077","56,4387365498091","56,16","57,3907127062426","57,3589395","58,03005008","57,81148076","58,20895522","58,01647655","59,4468614"
Großzschocher,   Haushalte mit 1 Person (Anteil in %),"46,8774548311076","45,4345214257109","44,5331205107741","43,9039283533483","44,6144554056775","45,9956495946213","46,643109540636","46,89453125","47,7395672333849","48,36","48,6553499904635","49,3174061433447","50,42","51,1406133133882","52,02765838","53,2498619","54,03329065","54,48882374","55,48305238","57,15568325"
Knautkleeberg-Knauthain,   Haushalte mit 1 Person (Anteil in %),"36,7254975591438","30,5765407554672","30,2066772655008","28,5771543086172","30,3599374021909","30,7572815533981","30,5414881184262","31,8164288468955","33,0434782608696","34,25","32,0047355958958","33,3592534992224","33","33,6509146341463","34,29657795","34,72850679","35,02442691","35,07267984","34,95361781","34,42925748"
Hartmannsdorf-Knautnaundorf,   Haushalte mit 1 Person (Anteil in %),"34,192439862543","24,5871559633028","24,9557522123894","23,6559139784946","26,5270506108202","29,5726495726496","30,0970873786408","33,693972179289","30,9748427672956","32,22","29,0996784565916","30,2694136291601","29,69","31,1111111111111","27,50424448","27,04507513","29,22824302","31,10749186","31,76661264","32,27848101"
Schönau,   Haushalte mit 1 Person (Anteil in %),"48,4066767830045","46,5098341689163","46,5062111801242","44,4311377245509","44,8624595469256","45,3355155482815","45,7105147382314","46,0603331832508","45,6627036547776","45,48","46,5126050420168","45,3131567885666","45,81","45,3231633881975","44,33460076","43,93230104","44,37807449","45,3038674","45,9496256","46,65307509"
Grünau-Ost,   Haushalte mit 1 Person (Anteil in %),"49,6711181981264","47,7481323372465","47,5005505395287","46,639325586694","47,076358633341","48,9157726546451","49,6687228695453","50,6889541450192","51,5279946464421","52,18","54,5454545454545","55,9593908629442","56,6","57,5567260940032","58,48708487","60,31010874","60,74895978","61,54151768","59,67535241","60,27021322"
Grünau-Mitte,   Haushalte mit 1 Person (Anteil in %),"49,7079356033623","49,7435897435897","49,9334023975137","48,589389757743","48,7045033929673","48,8454982178832","49,5193041355105","49,8391297686533","50","50,53","50,2165127020785","50,093029912695","51,46","52,2288571031801","52,66592613","53,06774014","53,70621776","52,44413408","53,78298331","54,29919137"
Grünau-Siedlung,   Haushalte mit 1 Person (Anteil in %),"31,2731114632858","24,7440273037543","25,5972696245734","25,1144164759725","26,0422615648201","26,455624646693","27,476217123671","28,0315848843768","30,0445930880713","30,23","31,1851447296559","32,3561346362649","32,87","33,6927223719677","34,46601942","35,27508091","35,06280721","35,35242291","36,41334062","37,3970346"
Lausen-Grünau,   Haushalte mit 1 Person (Anteil in %),"52,1961452733709","51,2402452619844","51,4342800057086","50,6379821958457","50,595866646553","51,4423803050899","51,7925925925926","51,8791558253831","52,0142857142857","52,26","52,4811820462782","52,6279486825769","52,77","52,9002320185615","53,50771294","53,89737564","53,26727706","54,31034483","54,73775359","55,38028858"
Grünau-Nord,   Haushalte mit 1 Person (Anteil in %),"53,454619787408","52,3487092678798","51,6462233699161","50,1880115018801","50,5731625084289","50,3154574132492","50,0334597367834","50,3549245785271","50,6357349988847","51,61","51,4805414551607","51,6616957818492","52,66","53,7489812550937","54,01297122","54,90390331","54,83995372","55,58680165","56,87239682","57,78324191"
Miltitz,   Haushalte mit 1 Person (Anteil in %),"37,6739562624254","33,6188436830835","33,6170212765957","31,8872017353579","31,9011815252417","33,4401709401709","31,9912948857454","34,1880341880342","34,2465753424658","33,48","34,5755693581781","36,289500509684","37,4","37,2983870967742","38,29145729","39,40936864","41,26506024","42,37288136","42,35055724","42,72540984"
Lindenau,   Haushalte mit 1 Person (Anteil in %),"65,2874201610664","64,3153526970954","64,2739726027397","62,9731212287438","61,5832671432354","62,3104145601618","63,150289017341","63,4296110984762","63,5764499121265","63,12","63,3899676375405","62,9673590504451","63,62","63,3111806098514","63,28019973","63,11522872","62,92113683","63,62957431","64,15444589","63,95733726"
Altlindenau,   Haushalte mit 1 Person (Anteil in %),"60,4941384091769","58,6668416218344","59,5854922279793","58,216273522396","58,9410848689333","58,9653879795077","59,5064629847239","60,0624024960998","60,1115906937572","60,51","60,6829268292683","60,8666474930496","60,55","61,5691609977324","61,88780053","62,04256077","62,43372447","63,50955743","64,51087888","64,44519336"
Neulindenau,   Haushalte mit 1 Person (Anteil in %),"54,1056651814131","51,8138041733547","51,9874804381847","50,6145603529783","50,740157480315","50,8912108174554","52,1739130434783","52,870005627462","52,7439848607732","53,53","54,4384753133794","54,6583850931677","55,16","55,7061868375647","56,77924621","57,05536502","56,7289272","54,83799379","55,13091216","56,24481328"
Leutzsch,   Haushalte mit 1 Person (Anteil in %),"50,5803298717166","50,1955134801399","49,6945010183299","47,9598113594423","48,2121088988216","48,8543534568639","49,2357661444402","50,176285025051","50,9097459917132","51,52","51,794607590589","51,8228279386712","53,35","54,0831538843797","54,5785124","54,83923617","54,98484607","56,30318311","56,84814642","56,82123155"
Böhlitz-Ehrenberg,   Haushalte mit 1 Person (Anteil in %),"41,3840155945419","39,2943063352045","37,2206420154409","37,043795620438","37,3755839934999","37,6141205112599","39,5007923930269","39,3713163064833","39,5462546450225","40,41","41,5065626783337","43,6134764901888","44,28","43,6706497386109","45,25046382","46,09144543","46,76716309","47,8370584","48,00505506","48,77828054"
Burghausen-Rückmarsdorf,   Haushalte mit 1 Person (Anteil in %),"39,3382352941176","32,5764192139738","29,223125564589","28,9200180750113","29,0337078651685","30,107047279215","29,8941798941799","29,9167761717039","30,5099394987035","31,15","31,6788951230039","34,7661188369153","34,97","35,0315789473684","36,48931713","35,87689713","37,08333333","37,2874326","38,00904977","39,0036452"
Möckern,   Haushalte mit 1 Person (Anteil in %),"54,5466684470557","54,2013422818792","53,5346786048376","52,8365906623236","53,2379924446843","54,2205627416989","55,2499031383185","55,8519257135735","56,6476097798321","57,2","57,1595013398579","57,8390297684675","57,91","58,6983343615052","57,91228779","58,5025255","57,96695333","60,4564126","58,25697017","58,82012166"
Wahren,   Haushalte mit 1 Person (Anteil in %),"49,8231132075472","47,2931873479319","46,5474722564735","45,6494717215662","46,2635658914729","46,3777089783282","47,3206442166911","48,3649354218192","48,9185580774366","49,83","51,6129032258064","51,8445159692993","52,89","52,8084375766495","53,15293549","54,35921868","54,33864916","54,44964871","53,72228705","55,3255814"
Lützschena-Stahmeln,   Haushalte mit 1 Person (Anteil in %),"36,474609375","30,0629590766002","27,5175013462574","27,4891774891775","27,9308481901675","27,674672489083","27,9891304347826","28,3622559652928","28,5171102661597","29,93","30,948595654478","34,0080971659919","34,78","34,0175953079179","34,22459893","35,1744186","36,18233618","36,04985618","36,10712578","37,44619799"
Lindenthal,   Haushalte mit 1 Person (Anteil in %),"43,2397547595999","38,0887834632328","36,3418803418803","35,9213595468177","37,431429493385","39,2508655964747","39,3845197388872","39,8271071318308","40,7227452171272","42,3","42,6628075253256","44,309517085569","44,65","44,5953593661573","44,77905995","45,38096567","46,22173194","46,49487393","47,68936287","47,78998125"
Gohlis-Süd,   Haushalte mit 1 Person (Anteil in %),"55,027463288869","53,6695691507407","52,8402170302292","50,7775449432006","51,0226283724978","51,5357636305665","52,4885939444214","53,0754469245531","52,9202841357537","53,6","53,8239538239538","53,763029549584","53,78","54,0783497350492","54,7806311","54,91324029","55,38461538","56,28344713","57,02981229","57,4244775"
Gohlis-Mitte,   Haushalte mit 1 Person (Anteil in %),"50,012909888975","48,8350785340314","48,3845955027139","46,585557299843","47,1223021582734","47,6953658839607","48,3740321620012","48,6260869565217","48,8606435360128","49,27","49,4647636039251","49,2341356673961","49,5","49,8083067092652","50,28987035","50,94515995","51,50707402","52,48054966","53,17878818","53,88123327"
Gohlis-Nord,   Haushalte mit 1 Person (Anteil in %),"44,1906005221932","43,8689685701638","43,9938623410785","42,9208472686734","42,9042179261863","45,0622584800344","46,0878885316184","47,2383720930233","48,1549067315491","48,67","48,7209759937033","49,1525423728814","50,5","51,2738853503185","51,96150999","52,07472606","52,82450859","53,70241006","54,50113181","55,03835425"
Eutritzsch,   Haushalte mit 1 Person (Anteil in %),"53,0637636080871","50,9294871794872","50,5603788476717","49,8068901591225","50,1906941266209","50,4251827539908","51,1768953068592","52,3135165451486","52,9546372324674","52,81","52,8434826371414","53,5647861128332","54,27","54,4798041615667","54,65087891","55,78034682","55,65076424","56,15296804","56,67988669","57,17171717"
Seehausen,   Haushalte mit 1 Person (Anteil in %),"42,9824561403509","36,269915651359","33,5657370517928","32,1984435797665","33,1061343719572","30,4219823356232","31,8798449612403","33,8289962825279","33,8289962825279","35,93","37,6325088339223","37,984496124031","36,82","37,300922045264","37,98701299","39,06614786","38,26879271","39,35772965","41,12081514","41,50943396"
Wiederitzsch,   Haushalte mit 1 Person (Anteil in %),"39,7833579517479","33,245521601686","30,1549145299145","30,348126494818","30,076376086384","30,6830031282586","31,2004095213719","31,5016459863257","32,5674325674326","33,44","34,5609756097561","36,367992333493","36,53","37,2285174693107","37,71415161","38,11742777","38,95814782","39,90169794","40,84663121","40,71146245"
Mitte,   Haushalte mit 1 Person (Anteil in %),"66,9379823128485","65,1831865947174","64,7459432190802","62,9200331173095","61,8228792880723","61,4502950522015","62,6844502632081","62,7722401859918","62,3510264083583","62,07","62,2642471199918","62,3598330567708","62,53","62,8081854043392","62,64752791","62,70607206","62,94360061","63,47799654","63,46558704","63,5542852"
Nordost,   Haushalte mit 1 Person (Anteil in %),"48,8703422694318","47,7125872318429","47,7661453621128","46,9250466559611","47,3117818555994","48,2773126919355","49,1915525490843","49,9249096886796","50,6180247209888","51,02","51,9960459280663","52,3867069486405","53,12","53,5199290098351","54,52201075","55,18606492","54,86700623","55,5668335","55,76006402","56,45967411"
Ost,   Haushalte mit 1 Person (Anteil in %),"50,0421355276855","48,8883795553518","48,4651091221501","47,6725438185884","48,0010397712503","48,6917185010024","50,1812943922913","50,9555062252678","51,4805689847527","52,36","53,2182675814751","53,4590664840375","54,14","54,9119269075644","55,65576774","56,41759172","57,13613827","57,60846314","58,06420515","58,77243332"
Südost,   Haushalte mit 1 Person (Anteil in %),"51,5357323872276","49,7233391758601","48,2604202549087","47,1345895970076","47,2796746827456","47,5871822289676","49,0557254954116","49,7931124360603","50,1144819690899","50,31","51,2600438276114","51,9810392630355","52,49","53,352559480894","53,73771525","54,31457677","54,69947335","55,30374219","55,58631922","55,83421259"
Süd,   Haushalte mit 1 Person (Anteil in %),"59,2287542869488","56,9336207373017","57,086334861384","55,4163555408059","55,1834748223322","55,9938023268457","57,0164483299232","57,197606047879","57,2720402366247","57,52","58,070358937728","57,897561723662","58,02","58,3331220365628","58,71610684","59,33095046","59,85079436","60,26679842","60,36065006","61,10151934"
Südwest,   Haushalte mit 1 Person (Anteil in %),"52,6741455778763","50,9520584029503","50,0502325581395","48,2250095020905","48,2824498969845","49,0969162995595","50,4996787779285","50,9549486867281","51,0753796468082","51,33","51,8225676762262","51,9843246654047","52,09","52,6869082598759","53,01823619","53,76711226","54,12526586","54,60140125","54,49478888","55,22238881"
West,   Haushalte mit 1 Person (Anteil in %),"49,2655367231638","47,8725999233369","47,8247006306243","46,6010896990529","46,8183329024633","47,4188299681976","47,8299314715202","48,3192969608202","48,6668598753804","49,1","49,6702991601305","49,9913962212204","50,72","51,2958599798048","51,70963003","52,40578569","52,58121299","52,9458828","53,32052514","54,01122377"
Alt-West,   Haushalte mit 1 Person (Anteil in %),"53,0830112276827","51,1741165810933","50,828604712337","49,6494485921097","49,9027237354086","50,4360836404773","51,4089179091449","52,0396132987503","52,4244988284301","53,02","53,5815384615385","54,1530944625407","54,65","55,1227698286522","55,82823872","56,01301682","56,31948591","56,96039798","57,56337328","57,85543608"
Nordwest,   Haushalte mit 1 Person (Anteil in %),"49,0516595957075","46,7457518435396","45,7153910632536","45,0145772594752","45,6470135369218","46,4989198119202","47,3388837496146","48,0979396834876","48,859649122807","49,79","50,3682213791564","51,4388489208633","51,9","52,2829283392664","52,05395775","52,85828904","52,85819612","54,38814532","53,11221724","53,89385284"
Nord,   Haushalte mit 1 Person (Anteil in %),"49,6488828089375","47,6140044854224","46,8686370086999","45,554528650647","45,8352326252773","46,4869038427273","47,3414718815089","48,0661427082453","48,4935279537318","49","49,3023255813954","49,6302124311566","50,01","50,3972232934825","50,88808812","51,40372984","51,7841323","52,63914612","53,37538975","53,82730287"
Stadt Leipzig,   Haushalte mit 1 Person (Anteil in %),"53,5825149612561","51,8815605019318","51,4318352315352","50,1294234083343","50,1451671230046","50,7018079440996","51,8086105481687","52,3370901672366","52,6113760981353","53,02","53,5748818545512","53,8871301413556","54,31","54,8204594302179","55,24245107","55,78886231","56,11132437","56,72383724","56,94469385","57,47628509"
Zentrum,   Haushalte mit 2 Personen (Anteil in %),"15,7757496740548","17,1636845593108","16,2532637075718","17,9432624113475","19,1634980988593","19,0188679245283","19,290465631929","19,1721132897604","18,7948350071736","18,81","19,5238095238095","19,9683042789223","20,74","19,1522762951334","20,88323353","20,5904059","20,47413793","18,90156919","18,78453039","18,07065217"
Zentrum-Ost,   Haushalte mit 2 Personen (Anteil in %),"23,0263157894737","25,1203501094092","24,7859589041096","25,4229741763134","25,8347978910369","25,8989726027397","24,2983159582999","25,1902587519026","27,1946208442286","26,44","24,4673295454545","24,8085248085248","25,41","25,0369931932524","25,385494","26,51312266","25,5819969","25,06453278","25,75063613","25,42117174"
Zentrum-Südost,   Haushalte mit 2 Personen (Anteil in %),"17,1285209259893","18,588317921105","18,5541603098228","18,4951860216332","18,913383929647","19,4134755210858","19,2190787935469","19,1752577319588","19,3890204035622","18,57","18,4571246413771","18,62601795782","18,14","18,1733746130031","18,35639067","18,03797468","17,98883795","17,21894083","17,68543611","17,22426288"
Zentrum-Süd,   Haushalte mit 2 Personen (Anteil in %),"24,5531245531246","26,237413132889","26,2562120375483","26,9344608879493","26,7201993631455","26,111186624983","25,6517751866894","25,6390395042603","25,0632271117855","25,09","24,4074389206272","24,2176215695715","23,5","23,1061055127445","23,046875","22,55665311","21,97587593","21,99155926","22,22473434","22,4610245"
Zentrum-West,   Haushalte mit 2 Personen (Anteil in %),"20,9856127005127","23,7071860308932","24,2110453648915","24,4174434087883","24,8068525361102","24,8459616985845","24,0006421576497","23,8355736167552","23,5697940503432","23,53","22,7955390334572","22,6988382484361","22,65","22,7119636842876","22,91727995","22,76256042","22,32464353","22,46049661","22,1341636","21,95908072"
Zentrum-Nordwest,   Haushalte mit 2 Personen (Anteil in %),"22,7316141356256","25,5557666730002","25,8420658682635","25,0657153586181","25,8138644197625","25,3624552814912","23,9882805347006","23,4514078110808","23,8393977415307","24,24","24,3151298119964","23,3492653567003","23,66","23,2063773250664","23,60963514","23,70953631","23,7628866","22,87179487","24,09699847","24,29654591"
Zentrum-Nord,   Haushalte mit 2 Personen (Anteil in %),"25,3872633390706","27,8079513360852","27,7056277056277","28,6597482888055","29,7535211267606","29,9227799227799","28,5685361409192","27,4568195354378","27,1232876712329","27,12","27,1488871834229","26,9961977186312","26,53","26,2810851544838","25,90305072","25,0770067","23,73356705","22,92960663","22,43621399","23,59809495"
Schönefeld-Abtnaundorf,   Haushalte mit 2 Personen (Anteil in %),"28,2142857142857","29,0334712297856","29,3779015784587","30,3118730621922","29,5844385499558","29,248145650708","28,7423213708374","28,7525434340272","27,5514874141876","27,13","25,5222022409739","25,0274574409665","24,55","24,5921369350094","23,87274878","23,68251514","24,34424182","23,43576453","23,27277222","23,13826524"
Schönefeld-Ost,   Haushalte mit 2 Personen (Anteil in %),"36,8120456905504","38,0262008733624","38,9330506977566","38,7959257911968","37,8993756885788","37,7834674469642","38,0422894640904","36,7649719558531","36,0259646592138","34,91","33,6471408647141","33,1599930663893","32,76","32,136693130825","30,8751062","30,32551864","29,75261498","28,66304884","28,70491803","27,07961732"
Mockau-Süd,   Haushalte mit 2 Personen (Anteil in %),"31,5945716709075","30,9926311226701","31,0798946444249","31,2696276357111","32,2317596566524","31,3488759367194","30,0526528959093","29,1113791716928","28,0093494351383","28,51","29,0396341463415","28,3873343151694","27,29","27,2210376687989","24,87955953","24,41217151","25,53707554","25,41208791","25,62011553","25,63333333"
Mockau-Nord,   Haushalte mit 2 Personen (Anteil in %),"35,0266489007328","36,1785836469381","35,7791873821361","36,4981080151359","36,2598022502557","36,158762193071","36,2285336856011","35,7411341722504","35,1714100905563","34,04","33,4739803094233","33,0095566348112","32,21","31,173839271942","30,93272171","30,22296885","29,54922358","28,84844869","28,03254438","27,35835386"
Thekla,   Haushalte mit 2 Personen (Anteil in %),"35,1202749140894","36,5629420084866","36,5862189576775","37,5132462027552","36,9992972593113","36,3380281690141","36,2618130906545","36,2353750860289","35,9604230638008","35,67","34,387222946545","34,0342931090262","32,65","32,5515947467167","32,44416873","31,9379845","31,60796325","31,03448276","30,04881025","29,76800241"
Plaußig-Portitz,   Haushalte mit 2 Personen (Anteil in %),"34,1949778434269","39,4117647058824","39,7489539748954","40,1349072512648","40,9822184589331","41,8427726120034","42,5210084033613","42,3490488006617","41,6940789473684","41,89","41,4125200642055","40,5820533548909","39,77","40,5785770132916","39,9270073","37,94549266","37,62851268","36,63821405","36,71128107","35,24492234"
Neustadt-Neuschönefeld,   Haushalte mit 2 Personen (Anteil in %),"24,1260547614947","24,7708039492243","24,5246816675388","25,817341862118","26,1541225076343","26,4246887603016","25,1058976865428","24,7899801435772","25,3502433269429","25,04","24,3165467625899","24,3246719835349","23,74","22,5814382298709","21,85301965","21,7453505","21,02246676","20,61798377","20,23731048","20,30941409"
Volkmarsdorf,   Haushalte mit 2 Personen (Anteil in %),"25,2007411982705","24,7657580919932","25,3890428480068","24,8743169398907","25,5767524401065","25,481705996969","24,679743795036","24,4932432432432","24,1391067166723","23,62","23,2433217189315","23,9664804469274","22,63","22,3003449190767","22,02833902","20,98179954","20,62730627","20,5900133","19,97158755","19,518243"
Anger-Crottendorf,   Haushalte mit 2 Personen (Anteil in %),"27,2837370242215","28,2298358315489","27,4127126230976","28,2691264243082","28,1099411029805","27,3924495171203","27,0453008789723","26,5365853658537","26,3623660922217","25,31","25,0467021123725","25,2841307703101","24,7","24,3195427327164","23,53564803","22,23097113","22,10553611","21,7789827","22,15568862","21,90873405"
Sellerhausen-Stünz,   Haushalte mit 2 Personen (Anteil in %),"37,0065075921909","37,2809935684187","36,3085893698139","36,248872858431","35,3922452660054","36,3780958872983","36,0017691287041","36,8489867073436","35,7696335078534","33,75","33,4442270058708","32,940505607299","31,99","31,1180466311731","30,30634573","30,44107014","29,31158121","29,02417189","28,72135736","26,63463189"
Paunsdorf,   Haushalte mit 2 Personen (Anteil in %),"31,0872162485066","31,0935441370224","31,090320259086","30,7711108395454","30,8752327746741","30,8805188326266","30,6868537666174","30,2153846153846","29,8654056020371","29,16","28,5169344584441","28,8031977427698","28,32","27,6341948310139","26,75484395","26,23779437","25,8630137","25,63034422","25,87143504","25,51273383"
Heiterblick,   Haushalte mit 2 Personen (Anteil in %),"39,0208434318953","41,1154985192498","42,0713577799802","41,98866563627","41,4781297134238","41,9434804164601","43,1277319086935","43,9332659251769","44,5722861430715","43,48","43,0799220272905","42,7469879518072","41,83","41,7703349282297","41,73076923","41,24457308","40,44997607","39,77000479","38,70503597","38,25920612"
Mölkau,   Haushalte mit 2 Personen (Anteil in %),"38,2965097662504","38,9881956155143","40,8445829006577","40,9744128987031","41,0031567870923","40,9476661951909","42,277856135402","41,9852683269028","42,2902888966237","41,82","41,8169445389588","40,1335559265442","39,52","39,3808255659121","39,06510851","38,7","37,92988314","37,2358269","36,49006623","35,76834485"
Engelsdorf,   Haushalte mit 2 Personen (Anteil in %),"32,9745596868885","35,2101910828025","37,3707924728333","37,6389624139756","37,5445746306673","36,9522402757262","36,7643497214822","37,0172173103769","37,1699390656737","36,43","34,3302443133951","34,2898134863702","34,98","34,8253503451161","34,01954668","34,08807644","33,10428456","33,08883456","33,03480562","32,23273606"
Baalsdorf,   Haushalte mit 2 Personen (Anteil in %),"32,8804347826087","35,4790419161677","36,2275449101796","36,1393323657475","38,2395382395382","38,2978723404255","39,1737891737892","39,1608391608392","39,1304347826087","38,47","38,4","37,2062663185379","36,85","37,6111817026684","37,71929825","38,24650572","36,93467337","37,64258555","38,08322825","37,18592965"
Althen-Kleinpösna,   Haushalte mit 2 Personen (Anteil in %),"29,1666666666667","32,8253223915592","36,5476190476191","36,4608076009501","38,2422802850356","38,5780885780886","39,8104265402844","39,2815758980301","40","40,3","39,532293986637","36,9517543859649","37,1","38,2513661202186","40,47878128","39,41048035","38,23845328","39,16755603","37,92735043","36,71291355"
Reudnitz-Thonberg,   Haushalte mit 2 Personen (Anteil in %),"25,0336992104756","26,4928591967794","27,2529756281882","27,1582211026063","27,0487875011981","27,468049638822","26,1840147071697","25,5580166979042","25,7220888852106","25,39","24,7086429409464","25,0229568411387","24,5","23,1996518964392","22,56851544","22,23494062","21,83375456","21,29520372","21,33714597","21,21438263"
Stötteritz,   Haushalte mit 2 Personen (Anteil in %),"28,630756076707","30,6342780026991","31,0379117464264","30,3084602585435","31,0990261793348","31,1285500747384","30,619362597715","30,821756534024","30,8694162001599","30,42","29,7027554784118","29,1701947502117","28,67","27,5901016531471","27,09449217","26,86761466","26,66142352","25,98831548","25,94814241","26,17872011"
Probstheida,   Haushalte mit 2 Personen (Anteil in %),"34,1658661543388","35,3927045678607","36,7763157894737","37,6121463077985","37,044745057232","37,2596153846154","37,3302418019212","37,1707317073171","36,6223908918406","36,03","34,2831433713257","33,8652482269504","33,65","33,7159253945481","33,7149399","32,50140213","32,43835616","32,48979592","31,86077644","31,67969803"
Meusdorf,   Haushalte mit 2 Personen (Anteil in %),"32,1082184788157","34,99205929063","33,929510783798","33,4412081984898","34,441416893733","35,8628442945475","35,1111111111111","33,8718662952646","33,5349092908191","34,18","33,656588705077","33,3333333333333","33,8","34,423305588585","33,47156398","33,68731563","32,47663551","32,62736119","33,19437207","33,18430204"
Liebertwolkwitz,   Haushalte mit 2 Personen (Anteil in %),"32,6930047118521","35,0639287098024","36,4328657314629","36,9205965336558","37,32","37,4599358974359","36,6838148001583","36,8256450351837","37,4610591900312","36,46","36,0260336906585","34,6168085894113","34,92","35,1032448377581","34,7793845","33,89705882","33,960217","33,91367428","33,08431163","33,26133909"
Holzhausen,   Haushalte mit 2 Personen (Anteil in %),"35,2404904118202","36,8666666666667","39,0820114748566","39,0440928980141","38,8814016172507","39,8589657488247","39,3382352941176","39,8944939004286","39,3662201894806","39,01","38,2054533925174","37,9893517068588","36,78","36,5055079559364","35,74893875","35,25485437","34,80861244","34,15514131","34,19874664","33,58868592"
Südvorstadt,   Haushalte mit 2 Personen (Anteil in %),"23,3354605403106","26,1117852808909","25,0052872752908","25,1393056150879","25,4628965121286","24,6954439828181","24,0808191876847","23,9176382354946","23,6806218464476","22,89","22,9426768693784","23,2354525862069","23,09","22,6498002663116","22,06960312","22,01418999","21,83226983","21,59032091","21,11551239","21,02258147"
Connewitz,   Haushalte mit 2 Personen (Anteil in %),"25,0291488534784","26,2998139625967","25,3827636013481","25,9464720194647","25,9796806966618","25,0688967024613","24,5597689369235","24,348623853211","24,4653860094237","23,87","22,8603998596984","22,9184925503944","23,05","22,864299904984","22,25959465","21,61393224","21,18565791","21,69717138","21,86359111","21,61069395"
Marienbrunn,   Haushalte mit 2 Personen (Anteil in %),"30,9785755645628","33,9242788461538","33,1383445451887","34,0284073738289","33,6979641446369","33,0734632683658","32,7575938058368","32,4355971896956","32,1072141431423","31,77","30,5313466404273","29,5774647887324","29,78","29,5473713803767","28,60759494","28,45573862","27,37642586","27,38924492","27,09605775","25,99837001"
Lößnig,   Haushalte mit 2 Personen (Anteil in %),"29,0458767238953","31,9878603945372","31,950774840474","32,8392774432608","32,6722017220172","31,9945021380574","31,8847140485891","31,3153961136024","30,1928455763286","29,87","28,5427711706548","28,4871167410393","27,65","27,1825111462678","27,10457326","26,13881305","25,60993009","25,31518625","25,76549664","25,05197505"
Dölitz-Dösen,   Haushalte mit 2 Personen (Anteil in %),"31,8400770712909","33,3333333333333","31,9691863264324","33,4761904761905","34,0638399237732","33,6084364970197","32,48730964467","31,6549731737515","31,5900463939266","30,57","31,8085556967387","31,2948123154787","31,2","31,0463121783877","29,49095499","28,60160541","27,87777313","28,04928131","27,94723825","28,48885219"
Schleußig,   Haushalte mit 2 Personen (Anteil in %),"24,9692496924969","26,5895061728395","26,4130602186971","27,1616541353383","26,8376603065374","26,3034655010927","24,557421697685","24,8004818551423","24,7019767617323","24,8","24,2583948200572","24,206229210765","24,29","23,816029143898","23,86793882","23,16366961","23,47310848","23,2218845","22,73547999","23,35185463"
Plagwitz,   Haushalte mit 2 Personen (Anteil in %),"24,727425216662","25,9827153610259","26,1559322033898","25,6726768377254","25,6051128637476","25,5377395385217","24,5195907162466","24,2205951818611","24,3265024176836","24,41","23,710890657364","23,1583495355368","22,62","22,7277481434996","22,31609314","21,4249312","21,13432836","21,14624506","21,85118331","21,4820733"
Kleinzschocher,   Haushalte mit 2 Personen (Anteil in %),"29,3631100082713","29,6136457048911","29,4668294668295","30,0631578947368","29,8701298701299","29,1750909826122","28,0883502736513","28,0326004548901","28,092203898051","26,39","25,8207630878438","25,2516487330788","25,23","24,2898452117707","24,32019035","24,0066778","23,67906067","23,28679185","23,19391635","22,62274705"
Großzschocher,   Haushalte mit 2 Personen (Anteil in %),"36,4296936370778","37,5851021225471","38,3080606544294","38,2454711988602","38,1920676464667","37,6310065256081","37,396937573616","37,65625","37,113601236476","36,68","35,9908449361053","35,608646188851","34,06","33,8818249813014","32,96580078","31,6148039","30,72983355","30,3591059","29,65379735","28,29951517"
Knautkleeberg-Knauthain,   Haushalte mit 2 Personen (Anteil in %),"34,2846413819001","36,8588469184891","37,2813990461049","38,8376753507014","38,6541471048513","39,1067961165049","39,1897156213479","38,1025838796761","37,3534971644612","36,45","37,095501183899","36,7029548989114","36,27","35,5564024390244","35,20912548","34,01206637","33,40849305","34,28997391","34,69387755","35,75914296"
Hartmannsdorf-Knautnaundorf,   Haushalte mit 2 Personen (Anteil in %),"34,020618556701","39,2660550458716","40,7079646017699","41,5770609318996","40,3141361256545","39,3162393162393","40,1294498381877","38,4853168469861","40,251572327044","38,3","42,9260450160772","40,2535657686212","39,97","39,0476190476191","41,93548387","41,73622705","40,39408867","37,78501629","37,11507293","36,39240506"
Schönau,   Haushalte mit 2 Personen (Anteil in %),"30,3869499241275","31,6236020053992","32,1040372670807","33,2135728542914","34,1828478964401","35,7201309328969","35,767707875055","35,9747861323728","35,667107001321","35,36","33,7394957983193","33,6275746111812","33,29","33,9622641509434","34,67680608","34,60568959","33,09908644","32,14779006","31,55207624","31,32857628"
Grünau-Ost,   Haushalte mit 2 Personen (Anteil in %),"37,3928642615109","39,8505869797225","40,6298172208765","41,3761676919572","41,3666590231598","40,2419538918055","39,9360292437743","39,3268579173255","38,1664064242695","37,44","35,3858955689619","33,5837563451777","33,11","31,969205834684","31,30381304","29,98389046","29,46304735","28,42669845","28,98334045","28,16128351"
Grünau-Mitte,   Haushalte mit 2 Personen (Anteil in %),"31,8563897991167","32,7179487179487","32,7216220216072","33,4866605335787","33,9142504626774","34,201146753448","33,9386540515794","33,6295388386701","32,6690821256039","31,54","30,9324480369515","30,7141834836124","29,6","29,287598944591","28,50597056","27,9150472","26,83953299","27,31843575","26,44049542","26,15902965"
Grünau-Siedlung,   Haushalte mit 2 Personen (Anteil in %),"41,257263602747","45,8475540386803","45,221843003413","46,4530892448513","45,9166190748144","46,6930469191634","47,1740346950196","48,0541455160744","46,5440356744705","47,41","47,2419442927362","45,8197611292074","44,97","44,6361185983828","44,22869471","44,17475728","43,91043146","43,72246696","42,31820667","41,57056562"
Lausen-Grünau,   Haushalte mit 2 Personen (Anteil in %),"32,1358332240724","32,7759197324415","33,0812045097759","33,2640949554896","33,2629355860612","32,8047122791119","32,6962962962963","32,7262214512865","32,6","32,28","31,809311402286","30,969788936405","30,6","30,4217278558755","29,89939638","29,40331636","29,13583344","28,37331334","28,14200891","27,81853754"
Grünau-Nord,   Haushalte mit 2 Personen (Anteil in %),"28,1888798037612","29,4540837917901","30,449752528513","31,5416943154169","31,2879298718813","31,5682739972961","32,2105732768236","32,0541259982254","31,5859915235333","31,07","29,8434856175973","29,5909671921602","28,71","27,9339853300733","27,94892582","27,38260353","26,59082144","26,43419573","25,00946611","24,24815585"
Miltitz,   Haushalte mit 2 Personen (Anteil in %),"30,4174950298211","31,6916488222698","32,9787234042553","35,6832971800434","37,4865735767991","38,1410256410256","40,2611534276387","38,9957264957265","40,2528977871444","42","41,407867494824","39,8572884811417","39,92","40,4233870967742","40,50251256","39,81670061","38,65461847","37,48753739","37,58865248","37,5"
Lindenau,   Haushalte mit 2 Personen (Anteil in %),"21,2718689252985","22,655601659751","22,6849315068493","22,4904004388371","24,0402435795605","23,0535894843276","22,495183044316","22,0150102342506","21,2434094903339","21,18","20,3276699029126","20,9495548961424","20,11","20,6215793588741","19,8386787","20,09264621","20,51571617","19,80955937","19,76981622","20,22802501"
Altlindenau,   Haushalte mit 2 Personen (Anteil in %),"23,8497415857809","25,4034903555964","24,8704663212435","24,860853432282","24,2538281858292","24,9656378857928","25,2526439482961","24,8495654111879","24,4130961153806","24,02","23,7463414634146","23,1521426517112","23,11","22,1678004535147","21,56723063","21,4317514","20,88657106","19,98450146","19,59910913","20,14491533"
Neulindenau,   Haushalte mit 2 Personen (Anteil in %),"30,5856142584341","31,9743178170144","32,0500782472613","31,7050110305704","31,6220472440945","32,3909035033805","31,4269039976656","30,7540799099606","30,7921059745877","30,15","29,5216167817856","28,7950310559006","27,95","27,212225782598","26,70093","26,55561","26,50862069","26,91966267","26,41469595","25,1659751"
Leutzsch,   Haushalte mit 2 Personen (Anteil in %),"30,9305640399104","31,4673801193661","31,9144602851324","32,3149477137585","32,1617228768793","32,3371189479976","32,3079862437906","32,0467619224346","30,805260313457","29,94","29,7956379872918","29,557069846678","28,55","28,4247142620507","28,08264463","27,89293292","27,37278673","26,44185314","26,39987591","26,73326375"
Böhlitz-Ehrenberg,   Haushalte mit 2 Personen (Anteil in %),"36,0233918128655","36,7080994386528","37,2815928484356","37,6317923763179","37,2537070891733","37,3909515114628","36,3906497622821","36,5029469548134","36,4169763348328","36,45","36,0661974510177","35,4498333950389","34,86","35,0821508588499","33,63636364","33,31489676","32,89139121","32,51622206","32,58710959","32,14479638"
Burghausen-Rückmarsdorf,   Haushalte mit 2 Personen (Anteil in %),"34,6813725490196","38,2096069868996","39,747064137308","40,307275192047","40,4943820224719","41,3916146297948","42,1957671957672","42,6193604905826","42,4805531547105","42,91","42,3392317652136","40,960809102402","40,8","39,9578947368421","39,12861332","40,21922428","39,70833333","39,40273745","38,66721514","38,07209397"
Möckern,   Haushalte mit 2 Personen (Anteil in %),"30,2310054746962","30,6979865771812","31,0704262996125","31,2160694896851","31,502968159741","30,6440858781171","29,8850574712644","29,9139972578836","29,2421846490695","28,42","28,1836187813119","27,8169790518192","27,46","26,5062718486531","26,78860146","25,81955036","25,85757078","24,38156093","25,47280172","25,27759004"
Wahren,   Haushalte mit 2 Personen (Anteil in %),"32,6061320754717","34,154501216545","34,8335388409371","34,4623990055935","33,984496124031","33,5913312693498","34,8462664714495","34,3500961802693","33,9652870493992","32,95","31,7329332333083","31,9881158702649","30,38","30,9786607799853","30,36965451","29,70462125","29,43245779","29,15690867","28,93815636","27,30232558"
Lützschena-Stahmeln,   Haushalte mit 2 Personen (Anteil in %),"34,423828125","37,5655823714586","38,2875605815832","39,2857142857143","40,3025391680173","41,2663755458515","41,5217391304348","42,0281995661605","42,3139598044541","41,91","41,7594064652888","40,334008097166","39,99","40,4203323558162","39,620807","38,75968992","37,93922127","37,4400767","37,39837398","36,53754185"
Lindenthal,   Haushalte mit 2 Personen (Anteil in %),"34,5272668602775","36,9027448322603","36,6837606837607","37,187604131956","36,4633752823491","36,0402895813661","36,4314578800124","35,5047854276011","35,3477072578196","35,1","34,8480463096961","34,3688223665631","33,67","33,276740237691","33,54911343","33,51939715","32,48758963","32,25270158","31,25512715","31,47602465"
Gohlis-Süd,   Haushalte mit 2 Personen (Anteil in %),"26,3535478085416","27,5245957254325","27,9371055254125","28,3445461563913","28,4921671018277","27,951960888511","27,7789299046039","27,3608726391274","27,4269928966062","26,53","26,2433862433862","25,8487137802429","26,13","25,9841029523089","25,32929025","25,69784987","25,13438369","24,79239712","24,53993375","24,59614858"
Gohlis-Mitte,   Haushalte mit 2 Personen (Anteil in %),"29,3829073069972","30,6544502617801","30,279141897131","30,7169021454736","30,2672147995889","30,4758355075165","30,7802263251936","30,3884057971014","30,3103171876789","29,74","28,7801070472792","28,4026258205689","28,22","28,3280085197018","27,86971645","27,73161612","26,97354931","26,39183591","25,97751468","25,58738971"
Gohlis-Nord,   Haushalte mit 2 Personen (Anteil in %),"39,3603133159269","41,1022576361222","40,9688733011837","40,8472686733556","40,5755711775044","39,0940317732933","38,2207931404073","37,6661129568106","36,6585563665856","36,23","35,7733175914994","34,8529125267875","33,19","31,9782690146122","30,86602517","30,21375966","29,21905437","28,2745372","27,52916594","27,05718271"
Eutritzsch,   Haushalte mit 2 Personen (Anteil in %),"29,1912908242613","30,849358974359","30,9234411996843","30,2950718368608","30,7856598016781","30,7474265254364","30,1660649819495","29,4447560291643","29,1963925158164","28,36","28,610971313538","27,6131432114073","26,97","26,6707466340269","26,52587891","25,98747592","26,18110236","25,91324201","25,5184136","25,57800224"
Seehausen,   Haushalte mit 2 Personen (Anteil in %),"31,2280701754386","34,1143392689784","33,1673306772908","35,408560311284","33,7877312560857","36,8989205103042","37,4031007751938","37,453531598513","37,0817843866171","35,39","34,452296819788","34,0223944875108","34,85","33,9480301760268","33,03571429","32,84046693","31,89066059","31,51605676","30,27656477","29,46298984"
Wiederitzsch,   Haushalte mit 2 Personen (Anteil in %),"30,8714918759232","33,7987355110643","35,3365384615385","35,7161838958278","36,7658677903608","37,3044838373306","37,0872792423855","37,731071157255","37,5624375624376","37,74","37,0243902439024","35,9127934834691","35,91","35,6468366383381","35,39075334","35,53122088","34,66162066","34,07059875","33,15602837","32,74044796"
Mitte,   Haushalte mit 2 Personen (Anteil in %),"21,4752436207965","23,5955694404999","23,6680586306438","23,9558055214549","24,449547868523","24,4382660009079","23,6887325096146","23,4761230325218","23,5023888276369","23,23","22,9024365378734","22,7686428320008","22,57","22,32741617357","22,49294565","22,30993237","21,85093606","21,37913296","21,65413534","21,71861531"
Nordost,   Haushalte mit 2 Personen (Anteil in %),"33,5567357949756","34,6945808563798","34,9058635991556","35,380408836422","34,9511233064654","34,6262252324261","34,4126381785184","33,8718188091083","33,0373214928597","32,38","31,3664360124705","30,8459214501511","30,1","29,7567107890261","28,95539736","28,40999064","28,36375212","27,58741381","27,29202185","26,67054635"
Ost,   Haushalte mit 2 Personen (Anteil in %),"30,6523571109899","31,362212544885","31,6133665016798","31,8354397461903","31,9625682349883","31,9410887780805","31,5675756221129","31,3241965061288","31,1337857939755","30,22","29,5132933104631","29,4510588979033","28,8","28,2533541855297","27,63141822","27,08060519","26,41635149","26,12060751","25,87872361","25,32047603"
Südost,   Haushalte mit 2 Personen (Anteil in %),"29,2718364588613","30,9653916211293","31,7326903203583","31,6077351965559","31,7885437846175","32,1134145079507","31,2541561377843","31,0201023034568","30,989633021688","30,55","29,754078402727","29,5232984527323","29,07","28,2191780821918","27,68402052","27,25518572","26,93175802","26,45514344","26,38165038","26,34526418"
Süd,   Haushalte mit 2 Personen (Anteil in %),"26,0916529394291","28,3617973802023","27,5130975769483","28,0455764816505","28,1558499018334","27,3893660976405","26,8939494592512","26,5959680806384","26,3179839991661","25,69","25,138396387663","25,1392935643817","24,98","24,6304419483253","24,03379199","23,59293194","23,16157335","23,16699605","23,05142603","22,76539069"
Südwest,   Haushalte mit 2 Personen (Anteil in %),"28,9925832059931","30,2777150598329","30,4372093023256","30,7601672367921","30,5825060872823","30,2019089574156","29,2097937040474","29,0206992520438","28,9081289081289","28,45","27,9248190833557","27,4849722692704","27,02","26,6438132549788","26,36283847","25,54034466","25,19285102","25,02051379","25,04486917","24,7876062"
West,   Haushalte mit 2 Personen (Anteil in %),"32,6686606846128","34,0314318569885","34,43987812655","35,2543240574835","35,4470583890387","35,4966348642852","35,5500700022106","35,3753203954595","34,7775684683379","34,31","33,3344901783855","32,5876725057645","31,92","31,5112756647593","31,13062642","30,51920365","29,75516083","29,34361699","28,78322126","28,30495504"
Alt-West,   Haushalte mit 2 Personen (Anteil in %),"28,8422602613657","30,1495016611296","30,2656796061779","30,4164929700231","30,3015564202335","30,5003101850162","30,1861098502043","29,8076599184828","29,2241603749024","28,8","28,3230769230769","27,9134998190373","27,35","26,9298710475181","26,1775837","26,15567888","25,81819216","25,22847321","24,99309659","25,01629195"
Nordwest,   Haushalte mit 2 Personen (Anteil in %),"32,1000748689793","33,4402051939724","33,780385582565","34,0200842241659","34,0476037723744","33,5747871394078","33,5491828553808","33,2935204538668","32,859649122807","32,14","31,6893550546753","31,294964028777","30,58","30,1501315585823","30,10944261","29,36014442","29,03907594","28,01625239","28,47567887","27,98203213"
Nord,   Haushalte mit 2 Personen (Anteil in %),"30,1656786745706","31,7873162222776","31,9306472511878","32,097966728281","32,1603306287416","31,9890716873552","31,7345521869938","31,3727147243584","31,140181768108","30,49","30,0571428571429","29,3968004196171","29,1","28,8134721686592","28,29870429","28,18044355","27,63805493","27,13471099","26,64297972","26,43794147"
Stadt Leipzig,   Haushalte mit 2 Personen (Anteil in %),"29,002950483338","30,4885971210722","30,594353133738","30,9072788555372","30,9896506001274","30,832739730674","30,3652810043992","30,0793801707496","29,7900482027356","29,22","28,6350121469234","28,3131524506209","27,85","27,4287480716121","26,98696475","26,56731022","26,12474538","25,69537785","25,54348877","25,26944403"
Zentrum,   Haushalte mit 3 Personen (Anteil in %),"4,36766623207301","3,77733598409543","3,59007832898172","3,82978723404255","4,79087452471483","5,28301886792453","4,73022912047302","4,86564996368918","4,44763271162123","4,99","4,36507936507936","4,43740095087163","3,17","3,2182103610675","3,667664671","4,649446494","4,813218391","4,636233951","4,143646409","3,804347826"
Zentrum-Ost,   Haushalte mit 3 Personen (Anteil in %),"6,00877192982456","5,38293216630197","6,12157534246575","6,99020480854853","7,20562390158172","7,23458904109589","6,81635926222935","6,69710806697108","7,02278670153157","7,2","7,45738636363636","7,62570762570763","7,36","7,75377330571175","7,966876071","7,337975362","7,8375582","8,544140423","7,811704835","7,794820216"
Zentrum-Südost,   Haushalte mit 3 Personen (Anteil in %),"5,54225111187136","5,12700456514105","5,22239173805891","5,5271603470819","5,31261293820022","5,70770722249152","5,01519756838906","5,32646048109966","5,39961672866644","5,24","5,45106789926682","5,2411776988933","5,59","5,45923632610939","5,265331406","5,573703552","5,640821208","5,596155771","5,73120546","5,867169661"
Zentrum-Süd,   Haushalte mit 3 Personen (Anteil in %),"7,92220792220792","7,40320521911786","7,45444505797902","7,83650458069063","8,08528312335595","8,30501563137148","7,59858509105201","7,79757294087271","7,96661608497724","7,8","7,76710830193266","7,61916225324988","7,68","7,61114404267931","7,705965909","7,739686229","8,190695003","8,349492415","8,150576532","7,928730512"
Zentrum-West,   Haushalte mit 3 Personen (Anteil in %),"7,44170663138746","7,25319006044325","7,64299802761341","8,08921438082557","8,98555592878737","9,19233971690258","8,8136137421737","8,20568927789934","8,26849733028223","8,4","9,05576208178439","8,80250223413762","8,83","8,5810513984478","8,419193406","8,773985645","8,612991502","8,535553047","8,406453439","8,674327354"
Zentrum-Nordwest,   Haushalte mit 3 Personen (Anteil in %),"10,8118433619866","11,1153334600038","10,9842814371257","11,6410063837777","11,4898506319418","11,127847862926","11,5912836476836","11,716621253406","11,8121527155404","11,99","11,6025067144136","11,8073995397415","11,48","11,4614703277236","11,65426851","11,16360455","11,04810997","10,97435897","10,49686281","10,2274642"
Zentrum-Nord,   Haushalte mit 3 Personen (Anteil in %),"8,15404475043029","7,45166195959157","8,13852813852814","8,65533230293663","9,22095070422535","8,98755898755899","8,07855841263414","7,86182251340083","8,25831702544031","8,37","9,15195702225633","8,99239543726236","9,29","9,28786737000754","8,833988396","8,570393187","8,238387379","8,040027605","7,473251029","7,067137809"
Schönefeld-Abtnaundorf,   Haushalte mit 3 Personen (Anteil in %),"12,4436090225564","12,3730725836781","12,7205199628598","12,3837315338318","12,290008841733","11,9184086311531","11,1218881344973","11,0658945061825","10,6483600305111","10,98","10,9558721814912","10,777045579352","10,26","9,88232147633057","10,1354016","10,02448138","9,542842868","9,749475503","9,529106415","9,054103791"
Schönefeld-Ost,   Haushalte mit 3 Personen (Anteil in %),"10,2803738317757","9,27510917030568","8,74403815580286","9,47617315387414","9,40139551964745","8,4491587417703","8,20269777615749","8,12375610638683","7,95167688424089","7,88","8,12412831241283","8,09499046628532","8,12","7,80117362789092","7,323704333","6,898296509","7,620786983","7,811215261","8,245901639","8,464407329"
Mockau-Süd,   Haushalte mit 3 Personen (Anteil in %),"11,4503816793893","11,530125704378","11,2379280070237","11,4849708389412","10,7725321888412","10,7410491257286","10,0850546780073","10,0522718134298","10,3622906116089","10,14","9,60365853658537","9,83063328424153","9,9","9,63041933191187","8,981417756","8,886583679","8,87040887","8,653846154","8,528712198","8,866666667"
Mockau-Nord,   Haushalte mit 3 Personen (Anteil in %),"11,6755496335776","11,3752993499829","11,2292130978913","11,3003095975232","11,200136379134","11,0494450050454","10,5845442536328","9,75649615950319","9,88033635187581","9,79","9,34521018909204","9,4783017389942","9,2","9,10072497300632","8,960244648","8,796579108","8,970300015","8,711217184","8,875739645","8,969714534"
Thekla,   Haushalte mit 3 Personen (Anteil in %),"13,127147766323","12,3762376237624","12,6617698495978","12,5750618156129","12,8250175685172","12,4647887323944","11,655582779139","10,9772883688919","11,2930740361651","11,11","10,8865710560626","10,2555807182142","9,97","10,6316447779862","10,57692308","10,10852713","10,41347626","10,06773399","9,914582062","9,731846942"
Plaußig-Portitz,   Haushalte mit 3 Personen (Anteil in %),"19,0546528803545","22,8571428571429","22,928870292887","23,9460370994941","23,3700254022015","22,0625528317836","20,8403361344538","19,6856906534326","18,0921052631579","17,86","16,8539325842697","16,9765561843169","17,63","16,419077404222","15,62043796","16,70160727","16,9979438","16,21799081","16,12492033","15,89008363"
Neustadt-Neuschönefeld,   Haushalte mit 3 Personen (Anteil in %),"9,88462200792147","9,22073342736248","8,77376591662306","9,07960199004975","8,73001616669661","8,38155356829739","7,93418051482568","7,83564991599206","7,52101459961658","7,02","6,89339437540876","6,86905068175971","6,55","6,50276582667486","6,318214892","6,127801621","6,063732233","6,224296988","6,185453746","6,276058811"
Volkmarsdorf,   Haushalte mit 3 Personen (Anteil in %),"10,2120650607371","10,3066439522998","9,63547218077169","10,2295081967213","9,38331854480923","9,04957783069928","7,58606885508407","7,67642642642643","7,04057279236277","7,34","7,47677119628339","7,77932960893855","7,91","7,77394534359247","7,609551299","7,228915663","7,084870849","7,000362713","6,688765242","6,801275239"
Anger-Crottendorf,   Haushalte mit 3 Personen (Anteil in %),"10,2076124567474","10,1534618129907","10,5998209489705","10,9423042141436","10,7085489916116","10,5004389815628","9,12778904665314","8,82926829268293","8,67877658748642","8,99","9,16798390573358","9,16234039567841","8,65","8,60097985846489","8,706599523","8,45144357","8,621807338","8,262328944","7,46007984","7,948969578"
Sellerhausen-Stünz,   Haushalte mit 3 Personen (Anteil in %),"10,1084598698482","10,3127079174983","10,6750392464678","10,2569882777277","10,6853020739405","10,0204498977505","9,33215391419726","8,89082588799303","8,90052356020942","9,2","9,84344422700587","9,63695114997149","9,57","9,52818064989903","9,044493071","8,929862617","8,820365722","8,952551477","8,430995277","8,97545907"
Paunsdorf,   Haushalte mit 3 Personen (Anteil in %),"11,94743130227","11,4744280752186","10,9511814801487","10,9250885983136","10,5400372439479","9,61586430531305","9,09650418513048","8,54153846153846","8,29392506365951","8,25","8,17246561091203","8,39407477075006","8,05","8,01075897555841","8,051978188","7,84606548","7,857534247","8,232843675","8,318243549","8,4629254"
Heiterblick,   Haushalte mit 3 Personen (Anteil in %),"17,644207464857","17,324777887463","17,3439048562934","18,4956208140134","16,7420814479638","15,8155676747645","13,7931034482759","12,3862487360971","12,256128064032","11,42","11,2085769980507","10,2168674698795","10,42","9,47368421052632","9,326923077","8,924264351","8,137865007","8,289410637","8,29736211","8,369201339"
Mölkau,   Haushalte mit 3 Personen (Anteil in %),"16,1383285302594","17,7403035413153","19,0031152647975","19,0325972660358","19,2914766748509","18,988684582744","17,7009873060649","16,7309715889162","15,8022972502611","15,3","15,0731541340592","14,1235392320534","13,93","13,0492676431425","12,22036728","12,2","12,42070117","12,0764844","11,62251656","11,51694636"
Engelsdorf,   Haushalte mit 3 Personen (Anteil in %),"16,8786692759296","18,0382165605096","19,3745030479724","19,5341450502912","18,2628629648497","17,725258493353","17,3407604746912","17,1707771056305","16,4071315730084","16,17","15,6697556866049","13,8348022135684","13,71","13,2189918427107","12,70534415","12,38055671","11,90379951","12,08231459","11,92753918","11,99919468"
Baalsdorf,   Haushalte mit 3 Personen (Anteil in %),"19,1576086956522","21,5568862275449","25","23,6574746008708","22,9437229437229","22,4113475177305","22,6495726495727","21,5384615384615","22,0108695652174","21,72","21,0666666666667","20,6266318537859","20,2","19,5679796696315","17,41854637","17,28081321","18,34170854","17,99746515","17,52837327","18,71859296"
Althen-Kleinpösna,   Haushalte mit 3 Personen (Anteil in %),"20,3947368421053","23,6811254396249","23,0952380952381","21,8527315914489","20,9026128266033","20,979020979021","19,4312796208531","19,1193511008111","18,4","17,59","17,0378619153675","17,8728070175439","17,56","16,7213114754098","16,53971708","15,72052402","16,64876477","16,22198506","17,84188034","17,71611526"
Reudnitz-Thonberg,   Haushalte mit 3 Personen (Anteil in %),"9,96533795493934","9,30700661362983","9,33308142830153","9,756806510997","9,83418000575098","9,48323763659937","8,9818786658496","8,72380303288465","8,46644045352975","8,35","8,2987876417677","7,85889194980104","7,79","7,68728696787294","7,534890448","7,404492774","7,343442853","7,343652391","7,250816993","7,306648575"
Stötteritz,   Haushalte mit 3 Personen (Anteil in %),"11,9579821668499","10,9311740890688","11,36109384711","12,5687955970818","12,0779056532187","11,6965620328849","11,8941671677691","11,4669178243466","11,1961613161202","11,24","11,021913647212","10,6054191363251","10,64","10,8327343669781","10,87417888","10,715001","9,978372002","9,668938656","9,384674923","9,691160809"
Probstheida,   Haushalte mit 3 Personen (Anteil in %),"13,4486071085495","13,3420966151824","13,9144736842105","14,872325741891","14,6722164412071","13,6332417582418","12,8188141768798","12,0325203252033","11,9860847564832","11,98","11,3077384523095","11,258865248227","10,78","10,5021520803443","10,61820263","10,79641054","10,30136986","10,99319728","10,76305221","10,59584794"
Meusdorf,   Haushalte mit 3 Personen (Anteil in %),"13,4762633996937","14,081524616199","14,0452393477117","14,8867313915858","14,7683923705722","14,2776840921866","13,3888888888889","13,5376044568245","13,3040131940627","13,27","11,9224187107815","11,7209834190966","11,32","11,7717003567182","12,44075829","12,09439528","12,03271028","11,56267888","12,50651381","12,9160457"
Liebertwolkwitz,   Haushalte mit 3 Personen (Anteil in %),"16,2740123233055","17,3576133281674","18,3967935871743","18,6618299072954","18,04","17,5480769230769","17,4515235457064","16,419077404222","16,1604361370717","16,3","16,156202143951","15,1055164753795","14,95","14,1592920353982","13,79310345","14,15441176","13,52622061","13,20275662","13,23372465","13,39092873"
Holzhausen,   Haushalte mit 3 Personen (Anteil in %),"16,4099339830242","17,5333333333333","17,5835302058724","17,4015483002356","16,711590296496","16,252518468771","15,4411764705882","15,0016485328058","15,3871283894152","14,09","13,9505389980977","12,6839962417789","12,9","12,9742962056304","12,15888417","11,9538835","12,23086124","12,32711966","11,90689346","11,52032999"
Südvorstadt,   Haushalte mit 3 Personen (Anteil in %),"8,70027653690704","8,48026268827183","9,20690870637998","9,32990427203886","9,30816707334577","9,30920357721287","8,60421964126177","8,78843662644031","8,9254057002591","9,47","9,21600214793932","9,24703663793103","9,17","9,38082556591212","9,581985076","9,676783603","9,447844771","9,523809524","9,647329415","9,757505774"
Connewitz,   Haushalte mit 3 Personen (Anteil in %),"9,58997279440342","9,10604131988642","9,72556571978816","10,1021897810219","9,97581035316884","10,0731730495106","9,62452250069878","9,62385321100918","8,98876404494382","9,12","9,05822518414591","9,09728308501315","9,01","9,10425844346549","9,029754204","8,767997241","8,648920984","8,119800333","8,172917358","8,003960723"
Marienbrunn,   Haushalte mit 3 Personen (Anteil in %),"9,23566878980892","9,70552884615385","10,0321731500439","10,3958899969779","10,8477666362808","10,4047976011994","9,8868374032162","9,89461358313817","9,63786712289706","9,54","9,47427607534439","9,2112676056338","9,03","8,82766376159685","8,691983122","8,600949455","8,636610538","8,553914739","8,273181566","8,14995925"
Lößnig,   Haushalte mit 3 Personen (Anteil in %),"9,87897551365044","9,83308042488619","9,5867517471893","10,1435849930523","9,93234932349323","9,42272449602932","8,93315225592274","8,77428998505232","8,47931694391285","8,61","8,2819888236137","7,71556067367209","7,61","7,10484682870703","6,961840955","6,89754275","6,662862035","6,432664756","6,691560866","6,652806653"
Dölitz-Dösen,   Haushalte mit 3 Personen (Anteil in %),"12,7649325626204","13,8318670576735","14,6364949446317","14","15,1024297284421","13,5259055479138","13,155668358714","12,2575319851424","13,0746520455504","13,3","13,0029648454045","13,0746520455504","12,59","11,2349914236707","12,03197308","12,29404309","12,34826287","11,8275154","11,74773289","11,02394715"
Schleußig,   Haushalte mit 3 Personen (Anteil in %),"11,9311193111931","12,1759259259259","13,5684583397505","14,5206766917293","14,701282452299","14,423977521074","13,9052806778635","13,8985092606535","13,7015240682058","13,68","13,5822918235206","13,3958270335652","13,24","13,023679417122","12,79721339","12,66382201","12,7924643","12,85714286","12,65422811","12,62952395"
Plagwitz,   Haushalte mit 3 Personen (Anteil in %),"8,7783058428851","9,00473933649289","9,05762711864407","9,79195561719833","9,9537666576013","10,2463824794681","9,80783628649863","10,0259801606046","9,61317061938752","9,35","9,16821105418075","9,53769712680925","9,61","9,63288358958268","9,44776427","9,407807563","9,393034826","8,873517787","9,195748095","9,218016578"
Kleinzschocher,   Haushalte mit 3 Personen (Anteil in %),"10,6906534325889","10,1315248664201","10,6227106227106","11,1368421052632","11,7913832199546","11,3020622725435","10,8874120406568","9,83699772554966","9,08920539730135","10,06","10,1685891748004","10,0485942381118","9,98","9,30430345296819","9,636301835","9,415692821","9,360730594","9,484833895","9,949302915","9,493474208"
Großzschocher,   Haushalte mit 3 Personen (Anteil in %),"11,6064414768264","11,7741289547457","11,7717478052674","12,04966415632","11,3750754982887","10,6782677476765","10,4436592069101","9,8828125","9,93044822256569","9,37","9,68910928857524","9,48047023132347","9,37","9,03141361256544","8,970285928","8,948628245","8,962868118","8,702821546","8,355990575","8,493445861"
Knautkleeberg-Knauthain,   Haushalte mit 3 Personen (Anteil in %),"17,2737514081863","18,8469184890656","19,4753577106518","19,5991983967936","18,3489827856025","17,747572815534","17,6860148032723","17,7786347859622","16,710775047259","15,69","16,2194159431728","15,2410575427683","15,46","15,8155487804878","16,15969582","16,28959276","16,38481774","16,13865076","15,51020408","15,14591799"
Hartmannsdorf-Knautnaundorf,   Haushalte mit 3 Personen (Anteil in %),"21,6494845360825","23,4862385321101","23,5398230088496","25,089605734767","22,3385689354276","19,6581196581197","19,2556634304207","17,6197836166924","18,2389937106918","19,15","16,5594855305466","17,1156893819334","17,78","17,9365079365079","17,65704584","17,52921536","17,56978654","18,0781759","17,34197731","17,87974684"
Schönau,   Haushalte mit 3 Personen (Anteil in %),"13,6191198786039","14,0763594292326","13,1599378881988","14,1716566866267","13,4708737864078","12,2340425531915","12,1865376154861","10,7158937415579","10,0396301188904","9,9","10,3361344537815","10,8448928121059","10,49","9,79526294660779","10,03802281","10,2628736","10,92761771","11,36049724","10,8917631","10,87325858"
Grünau-Ost,   Haushalte mit 3 Personen (Anteil in %),"9,84652182579231","9,45570971184632","9,07289143360493","8,99977215766689","8,59894519605595","7,9890435973522","7,56225725382682","7,27354867856336","7,62881998661611","7,1","6,82338256708966","7,00507614213198","6,68","6,82739059967585","6,457564576","5,819573097","5,765801466","6,237584426","7,069628364","7,409753008"
Grünau-Mitte,   Haushalte mit 3 Personen (Anteil in %),"11,5116113406468","10,7545787545788","10,5076217256179","10,3955841766329","10,1172115977791","9,51495428482876","8,95772928429727","8,73295541596445","9,19384057971014","9,15","8,73267898383372","8,95949620724202","8,63","8,33217608665463","8,692029992","8,731260411","8,946510996","9,245810056","8,777598277","8,84097035"
Grünau-Siedlung,   Haushalte mit 3 Personen (Anteil in %),"18,4363444268357","18,6006825938567","18,6006825938567","18,7070938215103","18,3894917190177","16,7891464104014","15,6127588136542","15,1156232374506","14,3255295429208","13,33","12,5068268705625","12,9207383279045","13,22","12,6145552560647","11,97411003","11,00323625","11,41452758","11,83920705","12,24712958","12,19110379"
Lausen-Grünau,   Haushalte mit 3 Personen (Anteil in %),"10,7775009833486","10,9113712374582","10,8034822320537","10,9495548961424","10,6200030170463","10,3307657453557","9,86666666666667","9,42468921653657","9,2","8,96","9,33928073599108","9,32542419644089","9,22","9,00777944588508","9,000670691","8,943726335","9,231155149","9,145427286","9,203364671","8,853020298"
Grünau-Nord,   Haushalte mit 3 Personen (Anteil in %),"11,8969746524939","11,5531104528142","10,9963417258446","11,3470471134705","11,2609575185435","11,2438035150969","10,4171313852331","10,3371783496007","10,0379210350212","9,3","9,47546531302877","9,54409884959523","9,46","9,47432762836186","9,120389137","8,856746582","9,313536444","9,05511811","9,333585763","9,362587479"
Miltitz,   Haushalte mit 3 Personen (Anteil in %),"21,3717693836978","23,4475374732334","22,7659574468085","21,6919739696312","20,8378088077336","19,3376068376068","19,5865070729053","18,8034188034188","17,3867228661749","16,2","14,9068322981366","14,1692150866463","13","12,3991935483871","11,65829146","11,40529532","11,24497992","11,46560319","10,94224924","11,06557377"
Lindenau,   Haushalte mit 3 Personen (Anteil in %),"8,83088031102472","8,82434301521439","8,84931506849315","9,29786066922655","9,37251787132645","9,25176946410516","9,07996146435453","8,9151694337048","9,24868189806678","9,51","9,95145631067961","9,33728981206726","9,19","8,79593432369038","9,199154984","8,955800039","8,601543384","8,625840179","8,223501021","8,532548731"
Altlindenau,   Haushalte mit 3 Personen (Anteil in %),"10,0088239001639","9,85434982285789","9,4300518134715","10,2438377948582","10,0441214637944","9,7963263776084","9,28319623971798","9,10407844885224","8,88514580482156","8,63","8,58536585365854","8,98283961269293","8,99","8,7891156462585","8,92252894","8,672424539","8,796175576","8,687790598","8,240534521","8,037745387"
Neulindenau,   Haushalte mit 3 Personen (Anteil in %),"10,5346912794398","11,2038523274478","11,1111111111111","12,007563819729","11,8110236220472","11,0325752919484","11,1175955646338","10,8047270680923","10,2730467693971","10,11","9,64441033512407","10,111801242236","10,27","9,9827458713335","9,593734704","9,529642332","9,3151341","10,56369285","10,62077703","10,89211618"
Leutzsch,   Haushalte mit 3 Personen (Anteil in %),"12,9097943392384","12,4922823626261","12,4032586558045","12,9382817305721","12,7793579845591","11,9944211994421","11,425296140619","10,7997773241789","11,3853359754999","11,38","11,12828438949","11,1413969335605","10,73","10,0546629120424","9,58677686","9,596866329","9,586855958","9,517806492","9,229098806","8,796779484"
Böhlitz-Ehrenberg,   Haushalte mit 3 Personen (Anteil in %),"14,775828460039","15,2967121090617","16,2129215765949","15,8353609083536","15,7221206581353","15,1957800770947","14,9366085578447","14,8330058939096","14,8836299628398","13,98","13,6579798364086","12,2732321362458","11,99","12,1732636295743","11,9109462","11,54129794","11,35125318","10,45421774","10,43509659","10,62443439"
Burghausen-Rückmarsdorf,   Haushalte mit 3 Personen (Anteil in %),"17,1160130718954","18,8646288209607","20,1445347786811","19,8825124265703","19,3707865168539","17,9750223015165","17,5044091710758","16,7323696890057","16,4217804667243","15,38","15,9689253344842","14,6228402865571","14,42","15,0736842105263","14,32760788","13,40640809","12,83333333","12,81625881","13,24557795","13,04171729"
Möckern,   Haushalte mit 3 Personen (Anteil in %),"10,3485111496862","10,2013422818792","10,183081651744","10,328447339848","9,79492714516999","9,58794505934125","9,3245512075423","8,73738003240683","8,70940274905729","8,63","8,86636374228125","8,43439911797133","8,61","8,28706559736788","8,417542441","8,774883629","8,976712726","8,261068005","8,822382531","8,738051559"
Wahren,   Haushalte mit 3 Personen (Anteil in %),"12,4115566037736","12,6824817518248","12,6387176325524","12,9272840273462","13,4263565891473","13,343653250774","11,6251830161054","11,1294311624073","11,214953271028","11,04","10,4026006501625","9,97771725674672","10,23","9,73755212165808","9,398405412","8,956646022","9,005628518","8,852459016","8,961493582","9,279069767"
Lützschena-Stahmeln,   Haushalte mit 3 Personen (Anteil in %),"18,896484375","19,9895068205666","21,0554658050619","20,995670995671","19,935170178282","19,3777292576419","18,4239130434783","17,4620390455531","17,5991309071157","16,83","16,2692103868574","14,5748987854251","14,26","14,4183773216031","14,63296062","14,29263566","13,48528015","14,18983701","13,86896222","14,10808226"
Lindenthal,   Haushalte mit 3 Personen (Anteil in %),"14,2303969022265","15,5879362927821","17,2649572649573","17,0609796734422","16,9086802194256","16,2417374881964","15,2937519428039","15,9925903056499","15,2748253871849","14,11","13,6613603473227","12,8212369387179","12,62","13,0164119977363","12,13059386","11,49874407","11,61059018","11,55444722","11,62154772","11,73319046"
Gohlis-Süd,   Haushalte mit 3 Personen (Anteil in %),"11,3888577513732","11,6476308944928","11,7373491307718","12,319400022058","12,0430809399478","11,6803060899139","11,1468270427209","10,7362892637107","10,8228097868982","11,22","10,957190957191","10,9687290809984","10,57","10,3425435276306","10,28143656","9,854771784","10,01853568","9,817309467","9,53257269","9,69243406"
Gohlis-Mitte,   Haushalte mit 3 Personen (Anteil in %),"12,9227988639298","12,6178010471204","13,4530886533988","14,0763997906855","13,8874614594039","13,4302397813393","12,2096486003574","12,4521739130435","12,4241383258903","12,28","12,6561106155219","12,527352297593","12,39","12,2044728434505","12,18509539","11,66389697","11,84129588","11,56916237","11,36205353","11,36115793"
Gohlis-Nord,   Haushalte mit 3 Personen (Anteil in %),"11,5100087032202","10,0708277999115","10,3901797457256","10,9030100334448","10,9622144112478","10,5410047230571","10,1822079314041","9,80066445182724","9,52960259529603","8,87","8,89413616686344","8,94213909994155","9,12","9,44173847883102","9,32642487","9,448536016","9,615725164","9,989521481","9,594288699","9,954672245"
Eutritzsch,   Haushalte mit 3 Personen (Anteil in %),"11,3996889580093","11,5224358974359","11,6495659037096","12,3744786034296","11,6704805491991","11,4575563180665","11,3357400722022","10,9366236679753","10,3513258850451","10,56","10,6567689984902","10,7625542467452","10,62","10,5997552019584","10,53466797","10,06743738","10,15516443","10,21689498","10,14164306","9,87654321"
Seehausen,   Haushalte mit 3 Personen (Anteil in %),"16,3157894736842","17,4320524835989","19,5219123505976","19,1634241245136","19,5715676728335","19,8233562315996","17,1511627906977","15,1486988847584","15,9851301115242","16,4","15,547703180212","15,6761412575366","15,75","15,9262363788768","15,99025974","14,63035019","15,56567957","14,2643764","14,19213974","15,31204644"
Wiederitzsch,   Haushalte mit 3 Personen (Anteil in %),"18,1437715411128","19,8893572181243","20,8600427350427","20,3560988572947","19,7787727153016","19,1084462982273","18,9915536217046","18,1311724487212","17,2077922077922","16,21","15,4390243902439","15,428845232391","15,03","14,6836638338055","14,36282563","14,25908667","14,09171861","13,6282395","13,69680851","14,14141414"
Mitte,   Haushalte mit 3 Personen (Anteil in %),"7,43254661184025","7,10025560920193","7,31762002186037","7,79398749536072","8,0551169800488","8,1791874716296","7,70258844066225","7,6908687635285","7,82800441014333","7,8","8,03088999898053","7,92226077336954","7,96","7,88954635108481","7,829714146","7,843373204","7,912398446","7,950240846","7,694621168","7,610816206"
Nordost,   Haushalte mit 3 Personen (Anteil in %),"12,0848086326083","11,8118376841561","11,7487398216363","11,9482661342824","11,8161550334419","11,3541710487569","10,761425507342","10,3908755124406","10,2684107364295","10,25","10,0828834309178","10,011329305136","9,82","9,62064630629298","9,458085137","9,303246239","9,415676287","9,36264044","9,404683205","9,359167465"
Ost,   Haushalte mit 3 Personen (Anteil in %),"12,4200664254201","12,5550716886953","12,6356012617649","12,7945077235138","12,3914738757473","11,8747750989565","10,9074653553867","10,4864395328636","10,0873930829305","9,95","9,90137221269297","9,68496470340322","9,45","9,21886575026751","8,978378598","8,715272881","8,644104333","8,653715264","8,404511713","8,621283435"
Südost,   Haushalte mit 3 Personen (Anteil in %),"12,3973644196655","12,0562257277383","12,3045125732001","12,9719810854683","12,6971885297623","12,1968886895933","11,790131666445","11,3576385495064","11,1619919862622","10,99","10,7286340394449","10,2197179739439","10,13","10,056236481615","9,948139022","9,857836043","9,546632485","9,482615665","9,359391965","9,452695939"
Süd,   Haushalte mit 3 Personen (Anteil in %),"9,45154060111798","9,31852097496269","9,8068107400131","10,0638845100805","10,087658656638","9,89724910296836","9,35349294502166","9,34481310373793","9,18614650926433","9,46","9,25533814638129","9,16014926136073","9,04","8,95813788382058","9,032274383","8,983588401","8,825935014","8,626482213","8,721893784","8,647395422"
Südwest,   Haushalte mit 3 Personen (Anteil in %),"11,5463456449629","11,7332731241063","12,2195348837209","12,8582288103383","12,7589436224012","12,4118942731278","12,0172746091798","11,7307357801357","11,3378684807256","11,25","11,1833288662557","11,1188602171964","11,1","10,8945478289259","10,85069727","10,76179739","10,77108663","10,58511646","10,61746277","10,52911044"
West,   Haushalte mit 3 Personen (Anteil in %),"12,0604852110336","11,9071679966547","11,585063416708","11,7234065893882","11,393433541382","10,8128097034243","10,2682189963894","9,85719516660564","9,76307781480945","9,36","9,26632886791143","9,3953264273669","9,18","8,96331201615618","8,895418726","8,694939158","8,964634341","9,120875604","9,196285623","9,170333525"
Alt-West,   Haushalte mit 3 Personen (Anteil in %),"11,978648996871","12,1602234974328","12,2468152267859","12,6766968583014","12,4850344208321","11,9074553880962","11,5122734732358","11,1563984235524","11,1234053631867","10,8","10,7230769230769","10,4958378574014","10,35","10,1307189542484","10,00582242","9,75971177","9,644857687","9,614040971","9,396918319","9,346149669"
Nordwest,   Haushalte mit 3 Personen (Anteil in %),"12,6279011729473","12,9400448861815","13,3341930491972","13,4564301911241","13,1648168345416","12,8415300546448","12,0259019426457","11,6213795162735","11,4795321637427","11,09","10,9127426913635","10,2544829807796","10,31","10,1016354537481","9,946551285","9,873633537","9,918898992","9,541108987","9,876299837","9,945803428"
Nord,   Haushalte mit 3 Personen (Anteil in %),"12,7739778081775","12,7990281584849","13,2350219041155","13,6968576709797","13,3831707539429","12,9892498663657","12,3785003471419","12,0228738837714","11,7928945194161","11,72","11,646511627907","11,6574875426174","11,47","11,3664995500707","11,28830279","10,91229839","11,05915937","10,90993274","10,72438547","10,84522608"
Stadt Leipzig,   Haushalte mit 3 Personen (Anteil in %),"11,3257794722544","11,2613259479605","11,4584327900157","11,8263234754684","11,6719188579498","11,3096570672637","10,7330334634966","10,4486607214797","10,2851442767538","10,17","10,0940328994283","9,93424072782339","9,81","9,65929140310817","9,563235149","9,40243079","9,391627417","9,321229019","9,241173919","9,260445233"
Zentrum,   Haushalte mit 4 Personen (Anteil in %),"1,4993481095176","1,45791915175613","1,0443864229765","2,05673758865248","1,52091254752852","1,13207547169811","1,25646711012565","1,81554103122731","1,29124820659971","3,41","2,22222222222222","2,13946117274168","2,3","1,88383045525903","1,347305389","1,402214022","1,436781609","1,569186876","1,312154696","1,035911602"
Zentrum-Ost,   Haushalte mit 4 Personen (Anteil in %),"2,14912280701754","2,01312910284464","1,84075342465753","3,1166518254675","3,47100175746924","3,42465753424658","3,60866078588613","3,34855403348554","3,28726186029137","3,51","3,23153409090909","3,0969030969031","3,1","3,166617342409","3,369503141","3,856454205","4,190377651","3,639648942","3,613231552","1,399491094"
Zentrum-Südost,   Haushalte mit 4 Personen (Anteil in %),"1,72197513969666","1,80264544071169","1,77209247740875","2,00879591108998","2,19250692687628","2,20552593310713","2,40823006780454","2,21076746849943","2,47999098185098","2,85","2,85835724152587","2,94424723324285","3,02","3,11661506707946","3,303737353","3,287055941","3,458241977","3,644008409","3,894409314","1,846833283"
Zentrum-Süd,   Haushalte mit 4 Personen (Anteil in %),"2,93150293150293","2,72301801162956","2,85753727222529","3,50951374207188","3,86266094420601","3,92823161614789","4,13991877374558","4,35063258455977","4,40060698027314","4,56","4,81341922936672","5,0433317284545","5,32","5,54831061055127","5,46875","5,531667635","5,594485928","5,577734687","5,61835858","1,876554375"
Zentrum-West,   Haushalte mit 4 Personen (Anteil in %),"2,97668265255499","3,03895231699127","3,40236686390533","3,8115845539281","3,98051729929459","4,34637801831807","4,33456413549526","4,76711472335105","5,2326468344775","5,26","5,30855018587361","5,55555555555556","5,36","5,53521745497145","5,961142184","5,932327523","6,135676221","5,784424379","5,929804699","2,009623549"
Zentrum-Nordwest,   Haushalte mit 4 Personen (Anteil in %),"5,74976122254059","5,90917727531826","6,56811377245509","7,36012016522719","7,81309842972041","7,94577292411975","7,80076908991027","7,99273387829246","8,35275138913784","8,17","8,59444941808415","8,56788812179147","8,74","8,89282550930027","8,83811548","9,081364829","9,003436426","9,025641026","8,699338647","2,40800407"
Zentrum-Nord,   Haushalte mit 4 Personen (Anteil in %),"3,70051635111876","3,73669346078644","3,46320346320346","4,08478692868183","4,20334507042254","4,84770484770485","4,3531079165823","4,48679769704189","4,73581213307241","4,64","4,93092862624712","5,01901140684411","5,14","4,95478522984175","5,015908666","5,163978982","5,153374233","5,193236715","4,938271605","2,041152263"
Schönefeld-Abtnaundorf,   Haushalte mit 4 Personen (Anteil in %),"4,86842105263158","4,8890560361038","4,86536675951718","4,74192960058362","5,26967285587975","4,92245448415374","4,93048819915939","4,88339333228987","5,32418001525553","5,27","5,29810485544335","5,57386051619989","5,78","6,04439689756619","5,613250953","5,269939441","5,520859355","5,590522029","5,425781733","2,879742924"
Schönefeld-Ost,   Haushalte mit 4 Personen (Anteil in %),"3,08065074420215","2,77729257641921","2,64970853206147","2,71007639141506","2,71759089239809","2,57863935625457","2,4425811155669","2,7320426994753","2,92102416155788","3,22","3,27754532775453","3,31079909863061","3,45","3,46910597169486","3,534409516","3,592511385","3,785488959","3,782272653","3,68852459","2"
Mockau-Süd,   Haushalte mit 4 Personen (Anteil in %),"3,774385072095","4,37798006068487","4,03863037752414","3,85823239120682","4,54935622317597","4,37135720233139","4,29323612798704","3,9404905508645","4,67471756914686","4,38","5,03048780487805","4,60235640648012","4,57","4,37100213219616","4,198210599","4,495159059","4,608454608","4,945054945","4,757050629","2,344546381"
Mockau-Nord,   Haushalte mit 4 Personen (Anteil in %),"4,19720186542305","4,36195689360246","4,32024687124979","4,3171654626763","3,93794749403341","3,85132862428523","3,79788639365918","3,97123713025004","3,96183699870634","4,14","4,39131114236599","4,18298605671314","4,36","4,3961129106895","4,266055046","4,398289554","4,417307402","4,50477327","4,423076923","1,775147929"
Thekla,   Haushalte mit 4 Personen (Anteil in %),"4,81099656357388","5,48090523338048","5,38649877579573","5,26315789473684","5,44624033731553","5,35211267605634","5,00525026251313","5,43702684101858","5,8000682360969","5,7","5,67144719687093","5,88806211582012","5,79","5,44090056285178","5,334987593","5,240310078","5,451761103","5,880541872","6,34533252","1,982916412"
Plaußig-Portitz,   Haushalte mit 4 Personen (Anteil in %),"8,6410635155096","11,0084033613445","11,2970711297071","11,3827993254637","10,6689246401355","9,72104818258664","9,83193277310924","9,67741935483871","9,21052631578947","9,38","9,63081861958266","9,70088924818108","9,98","10,1641907740422","10,2919708","11,32075472","11,99451679","12,01575837","12,30082855","3,505417463"
Neustadt-Neuschönefeld,   Haushalte mit 4 Personen (Anteil in %),"4,13294299982779","4,33709449929478","4,04674690388976","4,22885572139303","4,50871205317047","4,41872698579695","4,56174649723037","4,16984878570338","4,08494322371332","4,02","3,96337475474166","3,84615384615385","3,72","3,68776889981561","4,123211254","4,196471149","3,874369555","3,623430032","3,680509778","2,504943968"
Volkmarsdorf,   Haushalte mit 4 Personen (Anteil in %),"3,95305744286597","3,96081771720613","4,24216584949904","4,63387978142076","4,34782608695652","4,20004329941546","4,28342674139311","4,11036036036036","4,34708489601091","4,25","3,97793263646922","4,27374301675978","4,42","4,47068187848236","4,395171871","4,665470392","4,686346863","4,388828437","4,344737777","3,954066532"
Anger-Crottendorf,   Haushalte mit 4 Personen (Anteil in %),"4,91349480968858","4,87152034261242","5,12085944494181","5,3174172544764","5,28288416919507","5,46093064091308","5,20622041920216","5,20325203252033","5,01474926253687","4,66","4,58399195286679","4,65834151817034","4,42","4,47740881872618","4,69122714","4,566929134","4,65447945","4,763749032","4,815369261","1,833832335"
Sellerhausen-Stünz,   Haushalte mit 4 Personen (Anteil in %),"3,55748373101952","3,63717010423597","3,34155640278089","4,01262398557259","3,67448151487827","3,63553737786867","3,51614329942503","3,79167574634997","3,93717277486911","4,36","4,22700587084149","4,162706709751","4,51","4,2592252616119","4,522246535","4,591467824","4,553603442","4,54789615","4,512856393","2,116494665"
Paunsdorf,   Haushalte mit 4 Personen (Anteil in %),"4,05017921146953","3,89268175829441","3,76634280916397","3,76390076988879","3,73680943513346","3,56697430780743","3,40965041851305","3,36","3,22541530253425","3,38","3,45624783262051","3,29179402774512","3,38","3,67208513624138","4,037591368","3,917288914","4,142465753","4,154790616","4,402444545","2,750113173"
Heiterblick,   Haushalte mit 4 Personen (Anteil in %),"7,65874939408628","8,19348469891412","6,93756194251734","7,4703760947965","6,78733031674208","6,34605850272682","5,63380281690141","4,24671385237614","4,15207603801901","4,23","4,19103313840156","4,14457831325301","4,03","4,06698564593301","3,75","3,762662808","4,021062709","4,024916148","4,268585132","1,294964029"
Mölkau,   Haushalte mit 4 Personen (Anteil in %),"6,82036503362152","7,72344013490725","8,16891658013153","8,44724851033999","7,61136443353209","7,4964639321075","7,26375176304654","7,78674149421256","7,86634180299339","8,16","8,02994215719633","7,71285475792988","7,63","8,08921438082557","8,347245409","8,266666667","8,313856427","8,554176451","8,642384106","2,649006623"
Engelsdorf,   Haushalte mit 4 Personen (Anteil in %),"7,77886497064579","8,68789808917198","9,64749536178108","9,82001058761249","9,57717778909832","8,5672082717873","8,33131508839913","8,51558864588181","8,32769126607989","8,16","7,83487784330244","7,25558516089363","7,5","7,34156034302447","7,569141194","7,769007063","7,780921584","7,355338223","7,286790149","1,852228781"
Baalsdorf,   Haushalte mit 4 Personen (Anteil in %),"10,3260869565217","14,8203592814371","14,8203592814371","14,9492017416546","15,7287157287157","15,0354609929078","15,0997150997151","15,5244755244755","14,945652173913","15,15","15,7333333333333","15,6657963446475","16,01","16,010165184244","16,04010025","15,75603558","15,57788945","15,20912548","14,50189155","3,404791929"
Althen-Kleinpösna,   Haushalte mit 4 Personen (Anteil in %),"10,9649122807018","11,957796014068","12,0238095238095","12,5890736342043","12,1140142517815","11,4219114219114","10,9004739336493","11,008111239861","10,6285714285714","10,9","11,1358574610245","11,1842105263158","11,09","11,0382513661202","9,793253536","9,6069869","9,77443609","9,498399146","8,867521368","3,205128205"
Reudnitz-Thonberg,   Haushalte mit 4 Personen (Anteil in %),"4,36164067013287","4,18863222467172","4,50595125637635","4,68946807479895","4,8212402952171","4,49157251342841","4,42965945898626","4,37042085534163","4,36149962757593","4,67","4,84943292921392","4,90511172329354","4,88","4,72840670099355","5,126907224","4,979253112","4,942431901","4,796279586","4,772603486","2,096949891"
Stötteritz,   Haushalte mit 4 Personen (Anteil in %),"4,66593379748382","5,0668629615998","5,5811062771908","5,93881991552541","5,9693942076641","6,02889885401096","5,56825015033073","5,55686366847186","5,51810807723066","5,65","5,90149707094815","5,86367485182049","6,07","6,01704487113667","6,104092976","6,198678149","6,488399528","6,280428432","6,220975232","2,544504644"
Probstheida,   Haushalte mit 4 Personen (Anteil in %),"6,08389369196286","6,63818600065725","6,28289473684211","7,34989648033126","7,18002081165453","7,10851648351648","7,38655183835707","7,67479674796748","7,68500948766603","7,65","7,85842831433713","7,89007092198582","8,21","8,32137733142037","8,414424728","7,599551318","7,97260274","7,891156463","7,737617135","2,623828648"
Meusdorf,   Haushalte mit 4 Personen (Anteil in %),"5,66615620214395","6,51138168343039","6,83850604944766","6,957928802589","6,59400544959128","6,18324901630129","6,22222222222222","6,18384401114206","6,2671797691039","6,2","6,2749572162008","6,23213264722699","6,21","6,59928656361474","6,812796209","6,607669617","6,892523364","7,55580996","8,233454924","2,60552371"
Liebertwolkwitz,   Haushalte mit 4 Personen (Anteil in %),"6,23414280536426","7,40023246803564","8,29659318637275","8,3031035872632","8,04","7,49198717948718","7,99366838148002","8,05316653635653","7,59345794392523","7,96","7,84839203675345","7,25657164013328","7,14","7,70648967551622","7,823507601","7,977941176","7,920433996","7,907145448","7,363927428","2,276769833"
Holzhausen,   Haushalte mit 4 Personen (Anteil in %),"7,51336057843445","8,83333333333333","9,753628079649","9,25614271289128","9,26549865229111","9,06648757555406","8,79010695187166","7,97889878008572","8,06925841228357","8,6","8,49714648065948","8,67522705919198","8,84","9,33292533659731","9,763493026","9,890776699","9,479665072","9,651232712","9,519546404","2,834974634"
Südvorstadt,   Haushalte mit 4 Personen (Anteil in %),"3,78642841948522","3,68334642015847","3,97603101868171","4,67923989141306","5,06674321802785","5,23906767129075","5,39481822555151","5,56350992022909","6,08209464066548","6,13","6,36327023761579","6,68103448275862","6,96","6,96404793608522","7,250874992","7,147549599","7,201458523","7,039337474","7,072578584","2,1019678"
Connewitz,   Haushalte mit 4 Personen (Anteil in %),"4,1002720559658","4,1613629687653","4,38131921039961","4,85644768856448","5,01209482341558","4,97006557065476","5,05916332805367","5,05504587155963","5,27364987314244","5,28","5,42792002806033","5,51270815074496","5,66","5,74414787941608","5,864596809","6,000517286","5,978671593","5,732113145","5,642217059","1,800531032"
Marienbrunn,   Haushalte mit 4 Personen (Anteil in %),"4,54545454545455","5,01802884615385","4,88446914302428","5,16772438803264","5,1656031601337","4,94752623688156","4,97319833234068","5,29859484777518","5,27516395779869","5,24","5,42592071970762","5,91549295774648","5,96","5,73517008715209","5,850914205","5,473331472","5,676262901","5,739760379","5,830094392","1,887840089"
Lößnig,   Haushalte mit 4 Personen (Anteil in %),"3,68702504925415","3,96054628224583","3,85900941962929","4,35386753126447","4,01291512915129","4,00122174709835","3,95352346461446","3,75186846038864","3,84219049021051","3,71","3,81143430290873","3,77141212033971","3,66","3,72501078671077","3,743081853","3,563730421","3,55257526","3,638968481","3,525018671","1,284540702"
Dölitz-Dösen,   Haushalte mit 4 Personen (Anteil in %),"5,78034682080925","6,59824046920821","6,01829561868079","6,76190476190476","6,47927584564078","6,74002751031637","5,87986463620981","6,19067271976888","7,12779417967102","7,33","7,87801778907243","7,71826233656685","7,98","8,70497427101201","8,077408498","8,027038445","8,706571787","8,090349076","7,708161583","2,473206925"
Schleußig,   Haushalte mit 4 Personen (Anteil in %),"7,02644526445264","7,29938271604938","7,79300785461266","8,19235588972431","8,8989677822959","8,64814236653138","8,79104251777879","8,83903026652612","9,28021729289271","9,14","9,32088540882397","9,64620501965528","10,28","10,4128718882817","10,19233682","10,72843645","10,52871468","9,878419453","9,780318989","2,858862474"
Plagwitz,   Haushalte mit 4 Personen (Anteil in %),"3,29885378809058","3,51268469473097","3,87796610169492","4,4244105409154","4,80010878433506","4,74514404901577","4,79161467431994","5,06613131790269","5,33041676260649","5,6","5,39627166684836","5,81119032188378","5,93","5,81529128752223","6,264166495","6,513097544","6,31840796","6,571146245","6,748896911","2,115924589"
Kleinzschocher,   Haushalte mit 4 Personen (Anteil in %),"4,90074441687345","4,43896424167694","4,51770451770452","4,58947368421053","4,94743351886209","4,7513141932875","4,84753713838937","4,83320697498105","5,28485757121439","5,54","5,48358473824312","6,09163484901076","6,25","6,34461643136588","6,101291638","6,076794658","6,621004566","6,371368962","6,147021546","2,693282636"
Großzschocher,   Haushalte mit 4 Personen (Anteil in %),"4,20267085624509","4,22507008410092","4,3096568236233","4,70181152045593","4,61042883027985","4,50860193790785","4,4365920691009","4,35546875","3,86398763523957","4,37","4,46309364867442","4,47478194918468","4,83","4,58115183246073","4,690712016","4,91622169","5,030181087","5,075119091","5,111473627","1,395686061"
Knautkleeberg-Knauthain,   Haushalte mit 4 Personen (Anteil in %),"9,16259857303793","11,013916500994","10,4928457869634","10,4609218436874","10,2895148669797","9,78640776699029","10,1675107128944","9,75703817971462","10,4725897920605","10,96","11,9573796369376","11,7807153965785","12,15","11,9664634146341","11,48288973","11,95324284","11,91281473","11,25605665","11,53988868","3,302411874"
Hartmannsdorf-Knautnaundorf,   Haushalte mit 4 Personen (Anteil in %),"8,59106529209622","10,4587155963303","8,84955752212389","7,70609318996416","9,24956369982548","9,74358974358974","8,57605177993528","8,19165378670788","8,64779874213836","8,05","9,64630225080386","9,50871632329635","10,11","8,88888888888889","9,847198642","10,35058431","9,031198686","8,631921824","9,724473258","4,051863857"
Schönau,   Haushalte mit 4 Personen (Anteil in %),"5,50075872534143","5,63054377169302","5,97826086956522","5,78842315369262","5,2588996763754","4,82815057283142","4,48746150461945","5,26789734353895","6,25275209158961","6,43","6,17647058823529","6,47330811265237","6,38","6,82456844640707","6,920152091","7,418077062","7,76528461","7,596685083","7,896528251","3,710006807"
Grünau-Ost,   Haushalte mit 4 Personen (Anteil in %),"2,65098664540562","2,62540021344717","2,59854657564413","2,6429710640237","2,54528777803256","2,44236475690482","2,42175005711675","2,16851140727355","2,05219718938211","2,5","2,53796546702725","2,43654822335025","2,72","2,95786061588331","2,91102911","2,980265807","2,972062611","2,642034168","2,968816745","1,302862025"
Grünau-Mitte,   Haushalte mit 4 Personen (Anteil in %),"4,48781877760365","4,52747252747253","4,46943910019239","4,6918123275069","4,44170265268353","4,57151712381838","4,63909659697848","4,8873908380573","4,83091787439614","4,96","5,09526558891455","5,03792757979104","5,29","5,04096653242605","5,276312136","5,080510827","5,40320391","5,754189944","5,721593969","5,277329025"
Grünau-Siedlung,   Haushalte mit 4 Personen (Anteil in %),"7,87110406761754","9,10125142207053","8,87372013651877","8,12356979405034","7,99543118218161","8,47936687394008","7,94627867935087","6,99379582628314","7,41360089186176","7,32","7,37302020753687","7,22041259500543","7,07","7,22371967654987","7,173678533","7,443365696","7,427635172","6,938325991","6,943685074","2,077638054"
Lausen-Grünau,   Haushalte mit 4 Personen (Anteil in %),"3,78917005375639","3,83221850613155","3,75338946767518","3,94658753709199","4,0880977523005","4,09303730554297","3,94074074074074","4,32205839838104","4,34285714285714","4,38","4,39085586841372","4,75927714167471","5,11","5,02251944861471","4,775318578","4,896200548","5,267778753","5,084957521","4,836714498","3,080158337"
Grünau-Nord,   Haushalte mit 4 Personen (Anteil in %),"4,31316434995912","4,50698264917478","4,71271788250484","4,66710904667109","4,67520791189031","4,66426318161334","4,86281507918804","4,88021295474712","5,04126700869953","5,09","5,43570219966159","5,30464422667235","5,33","4,93072534637327","4,661532225","4,755300178","5,148476668","5,080614923","4,922377887","3,862173419"
Miltitz,   Haushalte mit 4 Personen (Anteil in %),"9,04572564612326","8,67237687366167","8,29787234042553","8,02603036876356","7,41138560687433","6,94444444444444","5,54951033732318","6,08974358974359","6,21707060063224","6,5","7,14285714285714","7,95107033639144","8,06","8,56854838709677","8,040201005","7,739307536","7,228915663","6,979062812","7,193515704","1,925025329"
Lindenau,   Haushalte mit 4 Personen (Anteil in %),"3,36017772840878","2,9045643153527","3,04109589041096","3,67526055951728","3,57426528991263","3,8422649140546","3,49229287090559","3,86627245849443","4,19595782073814","4,37","4,47006472491909","4,80712166172107","5,07","5,12118842845973","5,569425773","5,69388149","5,815923207","5,918595967","5,828847225","2,023389642"
Altlindenau,   Haushalte mit 4 Personen (Anteil in %),"4,14723307702004","4,47447841490618","4,58549222797927","4,74423535648025","4,87931481962107","4,39835061851806","4,17156286721504","4,15645197236461","4,4636277502895","4,73","4,78048780487805","4,81257789281948","5,15","5,37868480725624","5,369545859","5,680705191","5,493263798","5,381436198","5,405173891","2,244303581"
Neulindenau,   Haushalte mit 4 Personen (Anteil in %),"3,88287714831318","3,98073836276083","3,97496087636933","4,38071225969114","4,66141732283465","4,48678549477566","4,17274584184418","4,33314575126618","4,514733711814","4,78","5,14198004604758","5,14285714285714","5,15","5,54596992851861","5,408712677","5,120039196","5,340038314","5,570350644","5,532094595","2,30152027"
Leutzsch,   Haushalte mit 4 Personen (Anteil in %),"4,35756465078395","4,61000205803663","4,72505091649695","5,18761533729752","5,180820804551","5,08069336521219","5,33053114252961","5,25143811467805","5,13421005224284","5,17","5,35806285419887","5,26405451448041","5,14","5,30064601623323","5,603305785","5,483923617","5,902057744","5,735896628","5,444392741","2,078486118"
Böhlitz-Ehrenberg,   Haushalte mit 4 Personen (Anteil in %),"6,39376218323587","6,87650360866079","7,25314912637139","7,441200324412","7,6782449725777","7,72976262933658","7,38906497622821","7,44597249508841","7,2560140817524","7,21","6,8289899182043","6,92336171788227","7,08","7,22554144884242","7,272727273","7,245575221","7,101343988","7,173756309","7,040982127","1,931756635"
Burghausen-Rückmarsdorf,   Haushalte mit 4 Personen (Anteil in %),"7,59803921568627","8,60262008733624","8,53658536585366","8,81156800723","8,89887640449438","8,028545941124","8,02469135802469","8,14717477003942","8,25410544511668","8,4","7,72550712127751","7,71175726927939","7,71","7,87368421052632","7,792207792","8,220910624","8,125","8,37826628","8,103661045","1,974496092"
Möckern,   Haushalte mit 4 Personen (Anteil in %),"3,81893443717452","3,74496644295302","4,12935988240011","4,42453854505972","4,1958985429034","4,26723563141752","4,30065865943433","4,20042378162782","4,02627417589101","4,23","4,20598858208086","4,22271223814774","4,25","4,5548015628213","4,820129345","4,852926612","5,208232679","4,901871292","5,293429518","2,154416066"
Wahren,   Haushalte mit 4 Personen (Anteil in %),"4,18632075471698","4,83576642335766","4,96300863131936","5,56246115599751","5,14728682170543","5,38699690402477","5,00732064421669","4,89145369607035","4,59279038718291","4,66","4,95123780945236","4,95172072295123","5,08","4,95462349766986","5,339453974","5,073844688","5,300187617","5,292740047","5,974329055","2,403733956"
Lützschena-Stahmeln,   Haushalte mit 4 Personen (Anteil in %),"8,740234375","10,6505771248688","11,0393107162089","9,95670995670996","9,67044840626688","9,82532751091703","10,3804347826087","10,5206073752711","9,94024986420424","9,64","9,32697403285639","9,15991902834008","9","9,13978494623656","9,382596014","9,496124031","9,971509972","9,683604986","9,899569584","2,725968436"
Lindenthal,   Haushalte mit 4 Personen (Anteil in %),"6,74411100354953","7,76008132836327","7,8974358974359","7,83072309230257","7,35721200387222","6,83034309096632","7,24277276966118","6,97746217968509","7,13634983297905","7,05","7,20694645441389","6,86246822931375","7,25","7,32880588568195","7,908809457","7,898409154","7,887479316","8,035466888","7,574514629","1,859447635"
Gohlis-Süd,   Haushalte mit 4 Personen (Anteil in %),"5,43661024548817","5,58633947755287","5,74687188572694","6,30859159589721","6,11401218450827","6,5044106706345","6,42886768975529","6,52459347540652","6,52131018153118","6,41","6,68590668590669","6,94271779669121","6,98","7,08743376230129","7,116459774","7,101093927","6,987951807","6,754013656","6,634155318","2,263525948"
Gohlis-Mitte,   Haushalte mit 4 Personen (Anteil in %),"6,09346759617867","6,2303664921466","6,30653915740501","6,77655677655678","6,79599177800617","6,52254938501677","6,86122692078618","6,71304347826087","6,54986831558456","6,81","7,14763603925067","7,70240700218818","7,65","7,53993610223642","7,557710551","7,582052347","7,504613492","7,557845812","7,412197791","2,069445826"
Gohlis-Nord,   Haushalte mit 4 Personen (Anteil in %),"4,22106179286336","4,05046480743692","3,72643577378343","4,0133779264214","4,23989455184534","4,03606698153714","4,28724544480172","4,11129568106312","4,39983779399838","4,81","5,03738685556867","5,33800896162088","5,44","5,30161109029599","5,680977054","5,676306808","5,684434213","5,518686692","5,589413199","2,786000348"
Eutritzsch,   Haushalte mit 4 Personen (Anteil in %),"4,88335925349922","4,96794871794872","5,20915548539858","5,40707554456975","5,38520213577422","5,35581083097121","5,42960288808664","5,49635445877734","5,46506932292368","6,04","5,7498741821842","5,90204587724736","5,99","6,16891064871481","6,127929688","6,09344894","6,137100509","5,856164384","5,699716714","1,960339943"
Seehausen,   Haushalte mit 4 Personen (Anteil in %),"6,57894736842105","8,34114339268979","9,66135458167331","9,53307392996109","9,83446932814021","9,42100098135427","10,3682170542636","10,4089219330855","10,6877323420074","9,68","9,54063604240283","9,73298880275624","9,85","9,97485331098072","9,983766234","10,19455253","10,93394077","11,35175504","10,77147016","3,639010189"
Wiederitzsch,   Haushalte mit 4 Personen (Anteil in %),"8,78877400295421","10,1685985247629","10,6303418803419","10,8158384267871","10,7189886752699","10,3232533889468","10,1868441259278","10,0531780197518","10,0899100899101","9,96","10,390243902439","9,87062769525635","10,13","10,0330500472144","10,13846515","9,645852749","9,706144256","9,874888293","10,0177305","2,282801418"
Mitte,   Haushalte mit 4 Personen (Anteil in %),"3,04455584971554","3,06163021868787","3,18096465906225","3,77708624775173","4,00746375771494","4,18463458919655","4,2004200420042","4,31308623500174","4,52827216884549","4,67","4,78642063411153","4,8825866143712","4,96","5,03944773175542","5,128205128","5,222497653","5,322029907","5,272880325","5,270098323","1,915558126"
Nordost,   Haushalte mit 4 Personen (Anteil in %),"4,36267071320182","4,5705177909882","4,50217569255956","4,47029208801701","4,56182472989196","4,3498380379454","4,26909750866194","4,37959167106385","4,6321852874115","4,69","4,85894608774998","4,87537764350453","5,01","5,04695703616061","4,899753015","4,934139495","5,125212224","5,260578909","5,232942486","2,310288438"
Ost,   Haushalte mit 4 Personen (Anteil in %),"5,16531998215437","5,4269488374462","5,43687328494858","5,71071930098299","5,57837275799324","5,38477355677787","5,22028510405801","5,15635556413474","5,09018222387505","5,08","4,98070325900515","4,90780739648088","4,94","4,97571816610421","5,161040759","5,179603924","5,179407788","5,0561033","5,09206594","2,560493589"
Südost,   Haushalte mit 4 Personen (Anteil in %),"5,22723433012333","5,60538887170499","6,00413365483982","6,24955889618181","6,23641590128304","6,01221068607499","5,88176619231281","5,79936793405663","5,75271894676588","5,97","6,1145605064524","6,09367081060132","6,18","6,20908435472242","6,461132919","6,359070401","6,434084766","6,34846056","6,289359392","2,383279045"
Süd,   Haushalte mit 4 Personen (Anteil in %),"4,03715805676325","4,15630354280661","4,27035581750709","4,83697004895047","4,95257583718165","5,0043492443188","5,03813142720485","5,11602267954641","5,44393193130587","5,45","5,64300109696676","5,81710371619895","5,97","6,0270290828875","6,158943747","6,086387435","6,156591568","6,01284585","5,9860984","1,879931729"
Südwest,   Haushalte mit 4 Personen (Anteil in %),"5,35947225224554","5,59193196357342","5,74511627906977","6,06233371341695","6,39445589061622","6,20411160058737","6,25669212649011","6,26195860149591","6,50037792894936","6,7","6,76762262128116","7,060542658829","7,37","7,28044400914136","7,317231739","7,579320341","7,558490207","7,39758884","7,443559306","2,399319878"
West,   Haushalte mit 4 Personen (Anteil in %),"4,43004320372217","4,5544830470084","4,57025437539857","4,60745237137529","4,49458950400709","4,485614969307","4,38066465256798","4,51116807030392","4,62251847558325","4,76","4,85180814881655","4,92480297346595","5,12","5,07573207674184","5,018699078","5,080520844","5,325652104","5,245303549","5,267371118","3,432596862"
Alt-West,   Haushalte mit 4 Personen (Anteil in %),"4,78556966685073","5,0362428269405","5,14824696554057","5,47997119793838","5,57467824004789","5,34977922125315","5,15730297845595","5,20429817765352","5,30135381411091","5,43","5,42153846153846","5,48317046688382","5,63","5,81169404698816","5,912663755","6,00284743","6,028036054","6,028339063","5,923123654","2,123488154"
Nordwest,   Haushalte mit 4 Personen (Anteil in %),"5,09109059146494","5,57871112536069","5,84176929524792","5,98639455782313","5,67139282735613","5,66145634769348","5,72309589885908","5,58375634517767","5,3859649122807","5,45","5,48984601651417","5,40642113175132","5,5","5,62864365681267","5,96589463","5,927188848","6,198083067","5,999043977","6,323000345","2,212803706"
Nord,   Haushalte mit 4 Personen (Anteil in %),"5,76683386532908","6,0366309494144","6,1763435552539","6,54651879235983","6,51836995168201","6,46195878125557","6,58701689423745","6,54666328628975","6,54089782429083","6,7","6,86511627906977","7,09415158667716","7,15","7,16801645455714","7,237598712","7,182459677","7,178364012","7,074276245","6,985231915","2,272013149"
Stadt Leipzig,   Haushalte mit 4 Personen (Anteil in %),"4,68702489031754","4,90306698122884","5,01943667735116","5,33577415269194","5,38099912176474","5,29968454258675","5,26123276160348","5,28395411871251","5,3865846767702","5,49","5,57398745422242","5,65452236590295","5,77","5,81738859094263","5,916778042","5,942789457","6,020683491","5,939315508","5,936176502","."
Zentrum,   Haushalte mit 5 oder mehr Personen (Anteil in %),"0,260756192959583","0,132538104705103","0,195822454308094","0,709219858156028","0,91254752851711","1,05660377358491","0,960827790096083","0,508351488743646","0,717360114777618","2,65","0,714285714285714","0,713153724247227","0,63","0,863422291993721","0,673652695","0,516605166","0,646551724","0,641940086","1,035911602","0,815217391"
Zentrum-Ost,   Haushalte mit 5 oder mehr Personen (Anteil in %),"1,2719298245614","0,919037199124726","0,556506849315068","1,29118432769368","1,31810193321617","1,58390410958904","1,36327185244587","1,59817351598174","1,45685468808368","1,51","1,45596590909091","1,36530136530137","1,55","1,65729505770938","1,656196459","1,687198715","1,474392137","1,342281879","1,399491094","1,357807393"
Zentrum-Südost,   Haushalte mit 5 oder mehr Personen (Anteil in %),"0,729843767818451","0,725740372234578","0,762821265109729","1,03411387138952","1,18058065293338","1,23606398448861","1,35609071779285","1,3745704467354","1,42035847142374","2,47","1,88077781319732","1,84798496554604","1,87","1,86790505675955","1,817055544","1,817068191","1,923460235","1,982180398","1,846833283","1,876302988"
Zentrum-Süd,   Haushalte mit 5 oder mehr Personen (Anteil in %),"0,92950092950093","0,78003120124805","0,842076200993926","1,26849894291755","1,19064100789146","1,27769471251869","1,24459583387921","1,3426284533953","1,53009610520991","1,64","1,59231797739152","1,6610495907559","1,53","1,49377593360996","1,550662879","1,801278327","1,92992533","1,939089768","1,876554375","2,115812918"
Zentrum-West,   Haushalte mit 5 oder mehr Personen (Anteil in %),"1,33950719364974","1,44392209536602","1,39710716633794","1,74766977363515","1,7299294591871","1,73189009159034","1,66960988922781","1,81306658330728","1,6323417238749","1,99","1,99256505576208","2,05540661304736","2,1","2,10865426856055","1,987047395","2,036033397","2,088434394","2,031602709","2,009623549","1,807735426"
Zentrum-Nordwest,   Haushalte mit 5 oder mehr Personen (Anteil in %),"1,35625596943649","1,48204446133384","1,70284431137725","2,40330454374765","2,81501340482574","2,91847109772171","2,81999633766709","2,97910990009083","3,17261157913605","3,34","3,34825425246195","3,50504514073287","3,12","2,78122232063773","2,727594757","2,642169729","2,64604811","2,376068376","2,40800407","2,308340354"
Zentrum-Nord,   Haushalte mit 5 oder mehr Personen (Anteil in %),"1,72117039586919","1,49902237671084","1,51515151515152","2,09759328770148","2,2887323943662","2,35950235950236","2,34865357359789","2,00516180266031","1,99608610567515","2,01","2,14888718342287","2,30038022813688","2,11","2,0723436322532","2,096200636","1,884399348","1,9456617","1,880607315","2,041152263","1,874327854"
Schönefeld-Abtnaundorf,   Haushalte mit 5 oder mehr Personen (Anteil in %),"1,69172932330827","1,88040616773223","1,80129990714949","2,11563012949115","2,13969938107869","2,20836142953473","2,06918849013902","2,08170292690562","2,21205186880244","2,4","2,4346382625536","2,60845689181768","2,76","2,79486493714897","2,944656238","2,834686252","2,860354734","2,875478218","2,879742924","2,649981597"
Schönefeld-Ost,   Haushalte mit 5 oder mehr Personen (Anteil in %),"0,709588092765663","0,803493449781659","0,565271153506448","0,709348854128774","0,734484024972457","0,859546452084857","0,765585125774699","1,06748688257644","0,901550667147494","1,25","1,25523012552301","1,5253943491073","1,47","1,5015533310321","1,546304163","1,636026311","1,759920305","1,743134353","2","1,605318631"
Mockau-Süd,   Haushalte mit 5 oder mehr Personen (Anteil in %),"1,10262934690416","1,2136974425661","1,36084284460053","1,39075818752804","1,50214592274678","1,54038301415487","1,66059133252329","1,56815440289505","1,51928320997273","1,56","1,3719512195122","1,80412371134021","1,8","2,06112295664534","2,271163111","2,24757953","2,356202356","2,232142857","2,344546381","2,133333333"
Mockau-Nord,   Haushalte mit 5 oder mehr Personen (Anteil in %),"0,966022651565623","0,855285665412248","0,668609634836276","0,87719298245614","1,10808046368906","0,992263706693576","1,13936591809775","1,12763523451544","1,19663648124191","1,34","1,50023441162682","1,53532821557261","1,71","1,69674533395033","1,773700306","1,771533293","1,763907734","1,760143198","1,775147929","2,332995218"
Thekla,   Haushalte mit 5 oder mehr Personen (Anteil in %),"1,03092783505155","1,06082036775106","0,944386149003148","1,1656658424585","0,948699929725931","1,05633802816901","1,05005250262513","1,06675843083276","0,818833162743091","1,01","1,10821382007823","1,3264315755419","1,34","1,65728580362727","1,861042184","1,860465116","1,837672282","1,84729064","1,982916412","1,898162097"
Plaußig-Portitz,   Haushalte mit 5 oder mehr Personen (Anteil in %),"1,62481536189069","2,26890756302521","2,00836820083682","2,02360876897133","2,45554614733277","2,28233305156382","1,76470588235294","1,81968569065343","2,38486842105263","2,63","2,56821829855538","2,58690379951496","2,5","3,04925723221267","2,846715328","3,074772886","3,427004798","3,479973736","3,505417463","4,301075269"
Neustadt-Neuschönefeld,   Haushalte mit 5 oder mehr Personen (Anteil in %),"2,2903392457379","2,27433004231312","2,44200244200244","2,70078180525942","2,99982037003772","3,19130282307557","2,91625936787227","2,93264090423095","2,75770535319274","2,96","2,98234139960759","2,93285310007718","3,21","3,15918869084204","2,959010429","2,742012399","2,70518111","2,367455819","2,504943968","2,293175335"
Volkmarsdorf,   Haushalte mit 5 oder mehr Personen (Anteil in %),"2,28536133415689","2,49148211243612","2,53677254316777","2,51366120218579","2,86157941437445","3,11755791296818","3,26261008807046","3,35960960960961","3,63109444255029","3,93","4,16666666666667","4,34357541899441","4,39","4,29822234014327","4,434531619","4,280953602","4,268142681","4,280014509","3,954066532","3,719447396"
Anger-Crottendorf,   Haushalte mit 5 oder mehr Personen (Anteil in %),"1,71280276816609","1,69521770164168","1,89794091316025","2,1703743895822","2,08816705336427","1,91395961369622","1,8762677484787","1,60975609756098","1,81648812296227","1,76","1,78186521051875","1,97839203030728","2,09","2,17746325530757","1,85528757","2,086614173","2,074419811","1,910663568","1,833832335","1,790971541"
Sellerhausen-Stünz,   Haushalte mit 5 oder mehr Personen (Anteil in %),"0,911062906724512","0,931470392548237","0,986768333707109","0,969341749323715","0,856627592425609","0,999772778913883","1,19416187527643","1,22030943560689","1,44502617801047","1,59","1,54598825831703","1,65367800798327","1,94","1,85423168716725","1,896425966","2,060737527","2,13338114","2,041181737","2,116494665","1,973571306"
Paunsdorf,   Haushalte mit 5 oder mehr Personen (Anteil in %),"1,29032258064516","1,17379326865493","1,05553556435169","1,39313210314066","1,45251396648045","1,50910451484161","1,61250615460364","1,71076923076923","1,96435067297199","2,18","2,01132817015374","2,35128144838937","2,55","2,43246403929365","2,49448892","2,584721424","2,64109589","2,598114449","2,750113173","2,479152581"
Heiterblick,   Haushalte mit 5 oder mehr Personen (Anteil in %),"1,26030053320407","1,13524185587364","0,89197224975223","1,23647604327666","1,2569130216189","1,18988596926128","0,971345313258864","0,657229524772498","0,750375187593797","0,94","0,925925925925926","1,01204819277108","1,34","1,29186602870813","1,201923077","1,350699469","1,292484442","1,341638716","1,294964029","1,243424199"
Mölkau,   Haushalte mit 5 oder mehr Personen (Anteil in %),"1,40890169708614","1,85497470489039","1,9730010384216","1,82264283210655","2,03437390389337","2,01555869872702","2,11565585331453","1,85899684321291","1,91437521754264","2,09","2,10956107519564","2,17028380634391","2,26","2,33022636484687","2,303839733","2,4","2,604340568","2,78430057","2,649006623","2,435011517"
Engelsdorf,   Haushalte mit 5 oder mehr Personen (Anteil in %),"1,71232876712329","1,98726114649682","2,54439438112908","2,48808893594494","2,41976566479878","2,33874938453964","2,17970452894163","1,97766402978129","1,87316632814263","2,18","2,00084245998315","1,84464029514245","1,89","1,94519974900648","1,746724891","1,765683423","1,758286176","1,874490628","1,852228781","1,67102879"
Baalsdorf,   Haushalte mit 5 oder mehr Personen (Anteil in %),"4,34782608695652","4,34131736526946","3,74251497005988","3,4833091436865","3,17460317460317","2,97872340425532","2,99145299145299","2,93706293706294","2,98913043478261","3,22","3,06666666666667","2,74151436031332","2,41","2,41423125794155","2,882205514","2,668360864","2,512562814","2,78833967","3,404791929","2,889447236"
Althen-Kleinpösna,   Haushalte mit 5 oder mehr Personen (Anteil in %),"3,17982456140351","3,28253223915592","3,33333333333333","3,08788598574822","3,20665083135392","2,68065268065268","3,08056872037915","2,78099652375435","3,08571428571429","2,61","2,44988864142539","2,30263157894737","2,41","2,62295081967213","2,39390642","2,838427948","2,577873255","2,774813234","3,205128205","2,988260406"
Reudnitz-Thonberg,   Haushalte mit 5 oder mehr Personen (Anteil in %),"1,6945888696322","1,58152017636346","1,45475155866238","1,98624164325162","1,84031438704112","1,99110946471569","1,83839621815635","1,8060998466519","1,9200529669784","2,06","1,96323816973015","1,96663605754515","1,87","1,88556095438393","1,887338202","1,945915009","2,064026959","2,137849656","2,096949891","2,008141113"
Stötteritz,   Haushalte mit 5 oder mehr Personen (Anteil in %),"1,72224257969952","1,69304379830696","1,91423244251088","2,23985664917445","2,20058176299481","2,25460886895864","2,23692122669874","2,23687308688486","2,1364103735862","2,36","2,36493816446084","2,41320914479255","2,5","2,54646267583941","2,52652855","2,513518926","2,752654345","2,726387537","2,544504644","2,207377287"
Probstheida,   Haushalte mit 5 oder mehr Personen (Anteil in %),"1,02465577969901","1,41307919815971","1,57894736842105","1,89786059351277","1,83836281651058","1,92307692307692","1,68930109307718","1,72357723577236","1,5180265654649","2,02","2,0995800839832","2,18676122931442","1,9","1,89383070301291","2,003434459","2,355580482","2,712328767","2,448979592","2,623828648","2,426530062"
Meusdorf,   Haushalte mit 5 oder mehr Personen (Anteil in %),"1,07197549770291","1,27051349920593","1,20988953182536","1,29449838187702","1,58038147138965","1,68634064080944","1,94444444444444","2,00557103064067","1,7042330951072","2,01","2,05362236166572","2,11549456832476","2,26","2,43757431629013","2,191943128","2,182890855","2,453271028","2,461362335","2,60552371","2,434177844"
Liebertwolkwitz,   Haushalte mit 5 oder mehr Personen (Anteil in %),"1,44980065241029","2,16970166602092","2,32464929859719","2,21684804514309","2,28","2,36378205128205","2,13692125049466","2,18921032056294","1,98598130841122","1,89","1,95252679938744","2,07330618289522","2,03","2,10176991150442","2,039302929","1,801470588","1,91681736","2,067464635","2,276769833","2,087832973"
Holzhausen,   Haushalte mit 5 oder mehr Personen (Anteil in %),"1,69757937755423","1,8","1,88997637529531","2,12049814877146","2,1900269541779","2,18267293485561","2,37299465240642","2,50576986482031","2,41751061744528","2,59","2,47305009511731","2,50548073911682","2,46","2,38678090575275","2,546998181","2,639563107","2,661483254","2,826217679","2,834974634","2,651738362"
Südvorstadt,   Haushalte mit 5 oder mehr Personen (Anteil in %),"1,17705452740552","1,25633521307731","1,29009517095523","1,8074010572939","1,85158604851443","1,94352510386592","1,91739399353996","1,98404581714052","2,06600300013637","2,28","2,22177473486374","2,28313577586207","2,46","2,53661784287616","2,410354619","2,351859151","2,331032687","2,329192547","2,1019678","1,834744675"
Connewitz,   Haushalte mit 5 oder mehr Personen (Anteil in %),"1,36027982899339","1,28267893860766","1,50216658642273","1,74209245742092","1,61586840832124","1,74855079349995","1,76092425230597","1,77064220183486","1,7035157665821","1,75","1,76253945983865","1,84925503943909","1,73","1,74483890472489","1,845623113","1,741529442","1,830548325","1,730449251","1,800531032","1,633798168"
Marienbrunn,   Haushalte mit 5 oder mehr Personen (Anteil in %),"1,10017371163868","1,41225961538462","1,43316759286341","1,57147174372922","1,54968094804011","1,43928035982009","1,697438951757","1,90281030444965","2,11006558311948","2,15","2,16474557211133","2,33802816901408","2,13","2,13663199325274","2,081575246","2,150237364","2,227050516","2,006129841","1,887840089","1,711491443"
Lößnig,   Haushalte mit 5 oder mehr Personen (Anteil in %),"0,914719954967633","0,895295902883156","0,911577028258888","1,01899027327466","1,12238622386224","1,22174709835064","1,04119511090991","1,04633781763827","1,08935669071103","1,02","1,11763863017624","1,25233913919678","1,24","1,29440529267942","1,398193999","1,393878431","1,298330718","1,146131805","1,284540702","1,277101277"
Dölitz-Dösen,   Haushalte mit 5 oder mehr Personen (Anteil in %),"1,54142581888247","1,56402737047898","1,78141550312951","2","1,76274416388757","1,97157267308574","1,90355329949239","1,89847296739579","1,85575706452973","2,03","2,32952138924185","2,40404892450443","2,39","2,57289879931389","2,734539335","2,661596958","2,511511093","2,464065708","2,473206925","2,477291495"
Schleußig,   Haushalte mit 5 oder mehr Personen (Anteil in %),"1,92189421894219","1,77469135802469","2,06376097335592","3,21115288220551","3,15921176102596","3,29378707461755","3,19261612952035","3,132058424936","3,168854685378","3,34","3,38804396928173","3,65890535228304","3,55","3,53673345476624","3,57413297","3,215483084","3,144940747","3,069908815","2,858862474","2,522901337"
Plagwitz,   Haushalte mit 5 oder mehr Personen (Anteil in %),"0,908582611126642","0,850292723724561","0,96271186440678","1,47018030513176","1,34620614631493","1,43397210272455","1,48490142251061","1,51157298063297","1,85355744876813","1,94","2,02768995966423","2,04147764095917","2,09","2,12320886936513","2,070883989","2,058913464","2","2,005928854","2,115924589","1,917507241"
Kleinzschocher,   Haushalte mit 5 oder mehr Personen (Anteil in %),"1,46815550041356","1,62351006987259","1,66870166870167","2,35789473684211","2,04081632653061","2,22401940962394","2,07193119624707","2,02805155420773","2,19265367316342","2,35","2,36024844720497","2,16938562998959","2,39","2,67052219765266","2,583276683","2,470784641","2,527723418","2,648050072","2,693282636","2,408328154"
Großzschocher,   Haushalte mit 5 oder mehr Personen (Anteil in %),"0,883739198743126","0,981177412895475","1,07741420590583","1,09912477101567","1,2079726192873","1,18647419418628","1,07970160973695","1,2109375","1,35239567233385","1,22","1,20160213618158","1,11869548729617","1,32","1,36499626028422","1,345542889","1,270484257","1,243826596","1,374129718","1,395686061","1,256958161"
Knautkleeberg-Knauthain,   Haushalte mit 5 oder mehr Personen (Anteil in %),"2,55351107773188","2,7037773359841","2,54372019077901","2,5250501002004","2,34741784037559","2,60194174757282","2,41527074405921","2,54531430775164","2,41965973534972","2,65","2,72296764009471","2,91601866251944","3,12","3,01067073170732","2,851711027","3,016591252","3,269447576","3,242638837","3,302411874","2,881418545"
Hartmannsdorf-Knautnaundorf,   Haushalte mit 5 oder mehr Personen (Anteil in %),"1,54639175257732","2,20183486238532","1,94690265486726","1,97132616487455","1,57068062827225","1,70940170940171","1,94174757281553","2,00927357032458","1,88679245283019","2,28","1,76848874598071","2,85261489698891","2,45","3,01587301587302","3,056027165","3,338898164","3,776683087","4,397394137","4,051863857","3,797468354"
Schönau,   Haushalte mit 5 oder mehr Personen (Anteil in %),"2,08649468892261","2,15966062475897","2,25155279503106","2,39520958083832","2,22491909385113","1,88216039279869","1,84777826660801","1,9810895992796","2,3778071334214","2,83","3,23529411764706","3,7410676754939","4,02","4,09474106784424","4,030418251","3,781058696","3,829936753","3,591160221","3,710006807","3,295956507"
Grünau-Ost,   Haushalte mit 5 oder mehr Personen (Anteil in %),"0,43850906916484","0,32017075773746","0,198194230345739","0,341763499658236","0,412749369410686","0,410865099292399","0,411240575736806","0,542127851818387","0,624581753290207","0,79","0,707301851466611","1,01522842639594","0,89","0,688816855753647","0,840508405","0,906161901","1,050128789","1,152165276","1,302862025","1,118851594"
Grünau-Mitte,   Haushalte mit 5 oder mehr Personen (Anteil in %),"2,43624447927055","2,25641025641026","2,36791475506882","2,83655320453849","2,82233189389266","2,8668836200217","2,94521593163437","2,91098513865482","3,30615942028986","3,82","5,02309468822171","5,19536281665951","5,01","5,11040133314817","4,859761177","5,205441421","5,104534347","5,237430168","5,277329025","5,053908356"
Grünau-Siedlung,   Haushalte mit 5 oder mehr Personen (Anteil in %),"1,162176439514","1,70648464163823","1,70648464163823","1,60183066361556","1,65619645916619","1,58281514980215","1,79071068830442","1,804850535815","1,67224080267559","1,71","1,69306389950847","1,68295331161781","1,87","1,83288409703504","2,157497303","2,103559871","2,18459858","2,147577093","2,077638054","2,141680395"
Lausen-Grünau,   Haushalte mit 5 oder mehr Personen (Anteil in %),"1,10135046545168","1,24024526198439","0,927643784786642","1,20178041543027","1,43309699803892","1,32910436489956","1,7037037037037","1,64787510841284","1,84285714285714","2,11","1,97936994703095","2,31756104290247","2,29","2,64774123106319","2,816901408","2,85938112","3,0979556","3,085957021","3,080158337","3,093665933"
Grünau-Nord,   Haushalte mit 5 oder mehr Personen (Anteil in %),"2,14636140637776","2,13711383834109","2,19496449322143","2,25613802256138","2,20274218925601","2,20820189274448","2,47602052197189","2,37355811889973","2,69908543386125","2,94","3,76480541455161","3,89859394972305","3,84","3,9119804400978","4,256181597","4,101446404","4,107211724","3,843269591","3,862173419","3,820692264"
Miltitz,   Haushalte mit 5 oder mehr Personen (Anteil in %),"1,49105367793241","2,56959314775161","2,34042553191489","2,7114967462039","2,36305048335124","2,13675213675214","2,61153427638738","1,92307692307692","1,89673340358272","1,81","1,96687370600414","1,7329255861366","1,61","1,31048387096774","1,507537688","1,629327902","1,606425703","1,694915254","1,925025329","1,844262295"
Lindenau,   Haushalte mit 5 oder mehr Personen (Anteil in %),"1,24965287420161","1,30013831258645","1,15068493150685","1,56335710367526","1,42970611596505","1,54196157735086","1,78227360308285","1,77393677507391","1,73550087873462","1,82","1,86084142394822","1,93867457962413","2,02","2,15011727912432","2,11254081","2,142443544","2,145680407","2,016430172","2,023389642","1,820522251"
Altlindenau,   Haushalte mit 5 oder mehr Personen (Anteil in %),"1,50006302785831","1,60083978480514","1,52849740932642","1,93479989398357","1,88165066182196","1,87429713857304","1,786133960047","1,82750167149543","2,12653963575113","2,11","2,20487804878049","2,18579234972678","2,19","2,0952380952381","2,252894034","2,172558098","2,390265102","2,43671431","2,244303581","2,005223692"
Neulindenau,   Haushalte mit 5 oder mehr Personen (Anteil in %),"0,891152132399745","1,02728731942215","0,876369327073552","1,2921525370312","1,16535433070866","1,19852489244007","1,10884155237817","1,23804164321891","1,67612868342795","1,43","1,25351752366334","1,29192546583851","1,47","1,55287157998521","1,517376407","1,739343459","2,107279693","2,108300044","2,30152027","2,34439834"
Leutzsch,   Haushalte mit 5 oder mehr Personen (Anteil in %),"1,22174709835064","1,23482197983124","1,26272912423625","1,59934385892967","1,66598943518895","1,73341303048416","1,70042032862056","1,72573761365745","1,76544766708701","1,99","1,92340717843036","2,21465076660988","2,24","2,13682292529402","2,148760331","2,187040966","2,153453501","2,001260637","2,078486118","2,23646936"
Böhlitz-Ehrenberg,   Haushalte mit 5 oder mehr Personen (Anteil in %),"1,42300194931774","1,82437850842021","2,03169443315725","2,04785077047851","1,97034328661385","2,06938527084601","1,78288431061807","1,8467583497053","1,89712497555251","1,94","1,94027011603576","1,74009626064421","1,78","1,84839432412248","1,929499072","1,806784661","1,888848529","2,018745494","1,931756635","1,882352941"
Burghausen-Rückmarsdorf,   Haushalte mit 5 oder mehr Personen (Anteil in %),"1,26633986928105","1,74672489082969","2,3486901535682","2,07862629914144","2,20224719101124","2,49776984834969","2,38095238095238","2,58431887866842","2,33362143474503","2,15","2,28744065602072","1,93847450484619","2,1","2,06315789473684","2,262253875","2,276559865","2,25","2,115304853","1,974496092","2,227622519"
Möckern,   Haushalte mit 5 oder mehr Personen (Anteil in %),"1,05488049138737","1,15436241610738","1,08245356140585","1,1943539630836","1,26821370750135","1,28017068942526","1,23982952344053","1,29627321450829","1,3745286461501","1,52","1,58452755446813","1,68687982359427","1,76","1,95352662965248","2,061438965","2,050113895","1,990530486","1,999087175","2,154416066","1,988992952"
Wahren,   Haushalte mit 5 oder mehr Personen (Anteil in %),"0,972877358490566","1,03406326034063","1,01726263871763","1,39838408949658","1,17829457364341","1,30030959752322","1,20058565153734","1,26408353943391","1,30841121495327","1,53","1,30032508127032","1,23793018073781","1,42","1,52072602403728","1,739550616","1,905669366","1,923076923","2,24824356","2,403733956","2,348837209"
Lützschena-Stahmeln,   Haushalte mit 5 oder mehr Personen (Anteil in %),"1,46484375","1,73137460650577","2,10016155088853","2,27272727272727","2,16099405726634","1,85589519650655","1,68478260869565","1,62689804772234","1,62954915806627","1,7","1,69581346051934","1,92307692307692","1,97","2,0039100684262","2,139037433","2,277131783","2,421652422","2,63662512","2,725968436","2,534672406"
Lindenthal,   Haushalte mit 5 oder mehr Personen (Anteil in %),"1,25847047434656","1,66045408336157","1,81196581196581","1,99933355548151","1,83930300096805","1,63676424299654","1,64749766863537","1,6980549552331","1,51837230488916","1,44","1,62083936324168","1,6379553798362","1,81","1,78268251273345","1,632423304","1,702483952","1,792608935","1,662510391","1,859447635","1,928743638"
Gohlis-Süd,   Haushalte mit 5 oder mehr Personen (Anteil in %),"1,79352090572806","1,57186475178107","1,73845642785959","2,24991728245285","2,32811140121845","2,32755872037411","2,15678141849855","2,3027976972023","2,30860299921073","2,23","2,28956228956229","2,4768097924835","2,55","2,50757002271007","2,492182318","2,433044134","2,474513438","2,352832626","2,263525948","2,108241307"
Gohlis-Mitte,   Haushalte mit 5 oder mehr Personen (Anteil in %),"1,58791634391944","1,66230366492147","1,57663478935125","1,84458398744113","1,92702980472765","1,87600944216673","1,7748659916617","1,82028985507246","1,85503263483339","1,9","1,95138269402319","2,13347921225383","2,23","2,11927582534611","2,097607252","2,077274616","2,173467295","2,000606244","2,069445826","2,012491325"
Gohlis-Nord,   Haushalte mit 5 oder mehr Personen (Anteil in %),"0,718015665796345","0,907481186365649","0,920648838228847","1,31549609810479","1,31810193321617","1,26663804207815","1,22186495176849","1,18355481727575","1,25709651257097","1,42","1,57418339236521","1,71439703876875","1,75","2,0044960659423","2,165062916","2,586671457","2,65627767","2,514844569","2,786000348","2,440725244"
Eutritzsch,   Haushalte mit 5 oder mehr Personen (Anteil in %),"1,46189735614308","1,73076923076923","1,65745856353591","2,1164838560173","1,96796338672769","2,01402357153513","1,89169675090253","1,80874929893438","2,03257504374748","2,23","2,1389028686462","2,15747055176689","2,14","2,08078335373317","2,160644531","2,071290944","1,875868458","1,860730594","1,960339943","1,77328844"
Seehausen,   Haushalte mit 5 oder mehr Personen (Anteil in %),"2,89473684210526","3,84254920337395","4,08366533864542","3,69649805447471","3,70009737098345","3,43473994111874","3,19767441860465","3,15985130111524","2,41635687732342","2,6","2,82685512367491","2,58397932816537","2,74","2,84995808885163","3,003246753","3,26848249","3,340926348","3,510082151","3,639010189","3,410740203"
Wiederitzsch,   Haushalte mit 5 oder mehr Personen (Anteil in %),"2,41260462826194","2,89778714436249","3,01816239316239","2,76375232527239","2,6599947326837","2,5808133472367","2,53391348861019","2,58293238794632","2,57242757242757","2,64","2,58536585365854","2,41974125539051","2,4","2,40793201133144","2,393804271","2,446411929","2,582368655","2,524575514","2,282801418","2,613087396"
Mitte,   Haushalte mit 5 oder mehr Personen (Anteil in %),"1,10967160479919","1,05935813689293","1,08741346935344","1,55308761812316","1,66499210564088","1,74761688606446","1,72380874451081","1,74768178295609","1,79030818501601","2,22","2,01600570904272","2,06667672348771","1,98","1,93540433925049","1,901607165","1,918124714","1,97103497","1,919749334","1,915558126","1,889660179"
Nordost,   Haushalte mit 5 oder mehr Personen (Anteil in %),"1,1254425897825","1,21047643663307","1,07707552453578","1,27598628531748","1,35911507460127","1,3924529889361","1,36528625639333","1,43280431870763","1,44405776231049","1,65","1,69568854079538","1,88066465256798","1,95","2,0557568586852","2,164753741","2,166558699","2,228353141","2,222533338","2,310288438","2,310694235"
Ost,   Haushalte mit 5 oder mehr Personen (Anteil in %),"1,72012095375006","1,76738737362162","1,84904982945657","1,9867894107245","2,0665453600208","2,10764406518275","2,1233795261511","2,07750217160506","2,20806991446634","2,39","2,38636363636364","2,49710251817511","2,67","2,6401349905342","2,573394682","2,606926285","2,623998119","2,561110787","2,560493589","2,370565951"
Südost,   Haushalte mit 5 oder mehr Personen (Anteil in %),"1,56783240412232","1,64965460356738","1,69824319669308","2,03613522478651","1,99817710159153","2,09030388741334","2,01822050804628","2,02977877691982","1,98117407619411","2,17","2,1426832237643","2,18227349968697","2,14","2,16294160057678","2,168992292","2,213331063","2,388051384","2,410038141","2,383279045","2,194085978"
Süd,   Haushalte mit 5 oder mehr Personen (Anteil in %),"1,19089411574087","1,22975736472669","1,32340100414757","1,63721341851268","1,62044078201477","1,7152332282266","1,6979778385991","1,74559008819824","1,77989732363902","1,88","1,892905431261","1,98589173439656","2","2,05126904840386","2,058883043","2,006141764","2,005105708","1,92687747","1,879931729","1,709254144"
Südwest,   Haushalte mit 5 oder mehr Personen (Anteil in %),"1,42745331892214","1,44502144953714","1,54790697674419","2,09426073736222","1,98164450271586","2,08516886930984","2,0165607823542","2,03165767959645","2,17824503538789","2,27","2,30166175288127","2,35130018929959","2,42","2,49428664707803","2,450996327","2,35142535","2,352306276","2,395379663","2,399319878","2,145802099"
West,   Haushalte mit 5 oder mehr Personen (Anteil in %),"1,5752741774676","1,63431717601143","1,5801034507192","1,81372728270011","1,84658566310891","1,78611049478589","1,97111487731192","1,93701940681069","2,169975365889","2,46","2,87707364475602","3,10080187218226","3,06","3,15382026253787","3,245625751","3,299550658","3,373339734","3,344321055","3,432596862","3,306549327"
Alt-West,   Haushalte mit 5 oder mehr Personen (Anteil in %),"1,31050984722989","1,47991543340381","1,51065348915862","1,77739038162732","1,736007183478","1,8063715651571","1,73539578895911","1,79203018156095","1,92658161936996","1,94","1,95076923076923","1,95439739413681","2,02","2,00494612259318","2,075691412","2,068745097","2,18942819","2,168748777","2,123488154","2,0609319"
Nordwest,   Haushalte mit 5 oder mehr Personen (Anteil in %),"1,12927377090092","1,29528695094582","1,32826100973628","1,52251376741173","1,46917302880606","1,42330664633371","1,36293555349985","1,40340400119439","1,41520467836257","1,53","1,53983485829056","1,60528293782884","1,72","1,83666099159057","1,924153729","1,980744158","1,985745884","2,055449331","2,212803706","2,109272008"
Nord,   Haushalte mit 5 oder mehr Personen (Anteil in %),"1,64462684298526","1,7630201844007","1,78935028074289","2,10412815773259","2,10289604035616","2,07281582229613","1,95845869011803","1,99160539733514","2,03249793445332","2,1","2,12890365448505","2,22134801993181","2,27","2,25478853323049","2,28730609","2,321068548","2,340289399","2,241933912","2,272013149","2,157512854"
Stadt Leipzig,   Haushalte mit 5 oder mehr Personen (Anteil in %),"1,40173019283397","1,46544944780661","1,49594216736002","1,80120010796819","1,81226429715348","1,856110715376","1,83184222233206","1,85091482182165","1,92684674560509","2,1","2,12208564487472","2,21095431429713","2,25","2,27411250411924","2,290570994","2,298607217","2,351619348","2,320240383","2,334466954","2,207005271"
